{
  "Sights": [
    {
      "Sight": "",
      "ammo": 0,
      "decay": "0.0",
      "type": "Sight"
    },
    {
      "Sight": "Abrer Laser Sight",
      "ammo": 0,
      "decay": "0.00046",
      "type": "Sight"
    },
    {
      "Sight": "Beacin Laser Sight",
      "ammo": 0,
      "decay": "0.00069",
      "type": "Sight"
    },
    {
      "Sight": "Bullseye 1",
      "ammo": 0,
      "decay": "0.0004",
      "type": "Sight"
    },
    {
      "Sight": "Bullseye 2",
      "ammo": 0,
      "decay": "0.0005",
      "type": "Sight"
    },
    {
      "Sight": "Bullseye 3",
      "ammo": 0,
      "decay": "0.0006",
      "type": "Sight"
    },
    {
      "Sight": "Bullseye 4",
      "ammo": 0,
      "decay": "0.0007",
      "type": "Sight"
    },
    {
      "Sight": "Bullseye 5",
      "ammo": 0,
      "decay": "0.0008",
      "type": "Sight"
    },
    {
      "Sight": "Bullseye 6",
      "ammo": 0,
      "decay": "0.0009",
      "type": "Sight"
    },
    {
      "Sight": "Bullseye 7",
      "ammo": 0,
      "decay": "0.001",
      "type": "Sight"
    },
    {
      "Sight": "Bullseye 8",
      "ammo": 0,
      "decay": "0.0011",
      "type": "Sight"
    },
    {
      "Sight": "Bullseye I (L)",
      "ammo": 0,
      "decay": "0.0004",
      "type": "Sight"
    },
    {
      "Sight": "Bullseye II (L)",
      "ammo": 0,
      "decay": "0.0005",
      "type": "Sight"
    },
    {
      "Sight": "Bullseye III (L)",
      "ammo": 0,
      "decay": "0.0",
      "type": "Sight"
    },
    {
      "Sight": "Bullseye IV (L)",
      "ammo": 0,
      "decay": "0.0",
      "type": "Sight"
    },
    {
      "Sight": "Bullseye V (L)",
      "ammo": 0,
      "decay": "0.0",
      "type": "Sight"
    },
    {
      "Sight": "Bullseye VI (L)",
      "ammo": 0,
      "decay": "0.0009",
      "type": "Sight"
    },
    {
      "Sight": "Bullseye VII (L)",
      "ammo": 0,
      "decay": "0.001",
      "type": "Sight"
    },
    {
      "Sight": "Bullseye VIII (L)",
      "ammo": 0,
      "decay": "0.0",
      "type": "Sight"
    },
    {
      "Sight": "Castar Laser Sight",
      "ammo": 0,
      "decay": "0.0",
      "type": "Sight"
    },
    {
      "Sight": "Dynera Laser Sight",
      "ammo": 0,
      "decay": "0.00096",
      "type": "Sight"
    },
    {
      "Sight": "Ecivox Laser Sight",
      "ammo": 0,
      "decay": "0.0",
      "type": "Sight"
    },
    {
      "Sight": "Enkidd Dismalites (L)",
      "ammo": 0,
      "decay": "0.0",
      "type": "Sight"
    },
    {
      "Sight": "Framur Laser Sight",
      "ammo": 0,
      "decay": "0.0",
      "type": "Sight"
    },
    {
      "Sight": "Gargul Laser Sight",
      "ammo": 0,
      "decay": "0.0009",
      "type": "Sight"
    },
    {
      "Sight": "Hunnir Laser Sight",
      "ammo": 0,
      "decay": "0.00098",
      "type": "Sight"
    },
    {
      "Sight": "I.C.U Laser Sight Mk I",
      "ammo": 0,
      "decay": "0.0003",
      "type": "Sight"
    },
    {
      "Sight": "Ignaritz Laser Sight",
      "ammo": 0,
      "decay": "0.00109",
      "type": "Sight"
    },
    {
      "Sight": "Jakth Laser Sight",
      "ammo": 0,
      "decay": "0.00126",
      "type": "Sight"
    },
    {
      "Sight": "Lucky Laser Sight Mk I",
      "ammo": 0,
      "decay": "0.0002",
      "type": "Sight"
    },
    {
      "Sight": "Lucky Laser Sight Mk II",
      "ammo": 0,
      "decay": "0.0",
      "type": "Sight"
    },
    {
      "Sight": "Omegaton Laser Sight Mk. 1",
      "ammo": 0,
      "decay": "0.00098",
      "type": "Sight"
    },
    {
      "Sight": "Omegaton Laser Sight Mk. 2",
      "ammo": 0,
      "decay": "0.00098",
      "type": "Sight"
    },
    {
      "Sight": "Prototype Mounted Flashlight Smuggler",
      "ammo": 0,
      "decay": "0.0",
      "type": "Sight"
    },
    {
      "Sight": "S & B Mounted Light P1 (L)",
      "ammo": 0,
      "decay": "0.0004",
      "type": "Sight"
    },
    {
      "Sight": "S & B Mounted Light P2 (L)",
      "ammo": 0,
      "decay": "0.0",
      "type": "Sight"
    },
    {
      "Sight": "S & B Mounted Light R1 (L)",
      "ammo": 0,
      "decay": "0.0",
      "type": "Sight"
    },
    {
      "Sight": "S & B Mounted Light R2 (L)",
      "ammo": 0,
      "decay": "0.0",
      "type": "Sight"
    },
    {
      "Sight": "S & B Mounted Light R3 (L)",
      "ammo": 0,
      "decay": "0.0",
      "type": "Sight"
    },
    {
      "Sight": "S & B Mounted Light R4 (L)",
      "ammo": 0,
      "decay": "0.0",
      "type": "Sight"
    },
    {
      "Sight": "Seizzt Laser Sight 2000L",
      "ammo": 0,
      "decay": "0.0002",
      "type": "Sight"
    },
    {
      "Sight": "Seizzt Laser Sight 2000L+",
      "ammo": 0,
      "decay": "0.00017",
      "type": "Sight"
    },
    {
      "Sight": "Terrus Laser Sight SE600",
      "ammo": 0,
      "decay": "0.0003",
      "type": "Sight"
    },
    {
      "Sight": "Terrus Laser Sight SE700",
      "ammo": 0,
      "decay": "0.00036",
      "type": "Sight"
    },
    {
      "Sight": "Terrus Laser Sight SE800",
      "ammo": 0,
      "decay": "0.00037",
      "type": "Sight"
    },
    {
      "Sight": "Terrus Laser Sight SE900",
      "ammo": 0,
      "decay": "0.0004",
      "type": "Sight"
    },
    {
      "Sight": "ZX R-Dod",
      "ammo": 0,
      "decay": "0.0002",
      "type": "Sight"
    }
  ]
}
