{
  "Excavators": [
    {
      "Excavator": "",
      "decay": "0.00000"
    },
    {
      "Excavator": "ARD Excavator A-100 (L)",
      "decay": 0
    },
    {
      "Excavator": "ARD Excavator Beginner (L)",
      "decay": 0
    },
    {
      "Excavator": "ARD Excavator M1 (L)",
      "decay": "0.003"
    },
    {
      "Excavator": "ARD Excavator M2 (L)",
      "decay": "0.01263"
    },
    {
      "Excavator": "ARD Excavator M3 (L)",
      "decay": 0
    },
    {
      "Excavator": "ARD Excavator M4 (L)",
      "decay": 0
    },
    {
      "Excavator": "ARD Excavator M5 (L)",
      "decay": "0.02336"

    },
    {
      "Excavator": "Demonic Excavator MK-I (L)",
      "decay": "0.001"

    },
    {
      "Excavator": "Earth Excavator ME/01",
      "decay": "0.003"

    },
    {
      "Excavator": "eMINE E (L)",
      "decay": "0.02101"

    },
    {
      "Excavator": "Exhumer Mk1",
      "decay": "0.003"

    },
    {
      "Excavator": "Genesis Rookie Extractor (L)",
      "decay": "0"

    },
    {
      "Excavator": "Genesis Star Basic Excavator (L)",
      "decay": "0.003"

    },
    {
      "Excavator": "Genesis Star Earth Excavator ME/02",
      "decay": "0.005"

    },
    {
      "Excavator": "Genesis Star Earth Excavator ME/03",
      "decay": "0.0075"
    },
    {
      "Excavator": "Genesis Star Earth Excavator ME/04",
      "decay": "0.0085"
    },
    {
      "Excavator": "Genesis Star Earth Excavator ME/05",
      "decay": "0.008"
    },
    {
      "Excavator": "Genesis Star Earth Excavator ME/05, SGA Edition",
      "decay": "0.008"
    },
    {
      "Excavator": "Genesis Star Excavator Adjusted",
      "decay": "0.005"
    },
    {
      "Excavator": "Genesis Star Excavator Improved",
      "decay": "0.005"
    },
    {
      "Excavator": "Genesis Star Excavator, Modified",
      "decay": "0.03212"
    },
    {
      "Excavator": "Genesis Star Rookie Extractor (L)",
      "decay": 0
    },
    {
      "Excavator": "Imperium Extirpater v1",
      "decay": "0.0034"
    },
    {
      "Excavator": "Initiate's Excavator (L)",
      "decay": 0
    },
    {
      "Excavator": "Island Earth Excavator ME/01",
      "decay": "0.003"
    },
    {
      "Excavator": "Lost Soul Savior (L)",
      "decay": 0
    },
    {
      "Excavator": "NI Basic Excavator (L)",
      "decay": 0
    },
    {
      "Excavator": "NI Extractor New Settler Issue (L)",
      "decay": "0.001"
    },
    {
      "Excavator": "Punk Digger (L)",
      "decay": "0.003"
    },
    {
      "Excavator": "Resource Extractor RE-101",
      "decay": "0.006"
    },
    {
      "Excavator": "Resource Extractor RE-102",
      "decay": "0.011"
    },
    {
      "Excavator": "Resource Extractor RE-103",
      "decay": "0.015"
    },
    {
      "Excavator": "Resource Extractor RE-104",
      "decay": "0.0173"
    },
    {
      "Excavator": "Resource Extractor RE-105",
      "decay": "0.0222"
    },
    {
      "Excavator": "Resource Extractor RE-201 (L)",
      "decay": "0.0129"
    },
    {
      "Excavator": "Resource Extractor RE-202 (L)",
      "decay": "0.016"
    },
    {
      "Excavator": "Resource Extractor RE-203 (L)",
      "decay": "0.0206"
    },
    {
      "Excavator": "Resource Extractor RE-204 (L)",
      "decay": "0.02331"
    },
    {
      "Excavator": "Resource Extractor RE-204 Adapted (L)",
      "decay": "0.02331"
    },
    {
      "Excavator": "Resource Extractor RE-205 (L)",
      "decay": "0.025"
    },
    {
      "Excavator": "Resource Extractor RE-301 (L)",
      "decay": "0.02503"
    },
    {
      "Excavator": "Rock Ripper 1 (L)",
      "decay": "0.0028"
    },
    {
      "Excavator": "Rock Ripper 2 (L)",
      "decay": "0.01129"
    },
    {
      "Excavator": "Rock Ripper 3 (L)",
      "decay": "0.01454"
    },
    {
      "Excavator": "Rock Ripper 3 Gold Rush",
      "decay": "0.00833"
    },
    {
      "Excavator": "Rock Ripper 4 (L)",
      "decay": 0
    },
    {
      "Excavator": "Rock Ripper Trainer (L)",
      "decay": "0.00274"
    },
    {
      "Excavator": "Rock Ripper TT (L)",
      "decay": "0.003"
    },
    {
      "Excavator": "Rookie Rock Ripper",
      "decay": "0.00274"
    },
    {
      "Excavator": "Training Mineral Extractor (L)",
      "decay": 0
    },
    {
      "Excavator": "Xtreme Excavator MK-I (L)",
      "decay": 0
    },
    {
      "Excavator": "Reaper III",
      "decay": 0.10
    },
    {
      "Excavator": "Terratech PH-1 (L)",
      "decay": 0.02
    },
    {
      "Excavator": "TerraTech PH-2 (L)",
      "decay": 0.05
    },
    {
      "Excavator": "TerraTech PH-3",
      "decay": 0.10
    },
    {
      "Excavator": "TerraTech PH-3 (L)",
      "decay": 0.10
    },
    {
      "Excavator": "TerraTech PH-4 (L)",
      "decay": 0.50
    },
    {
      "Excavator": "Zekkonian Tree Feller Soeng (L)",
      "decay": 0.05
    }




  ]
}