{
  "FinderAmps": [
    {
      "Amp": "",
      "Eff": "0",
      "Decay": "0",
      "TT": "0",
      "Type": "Amp"
    },
    {
      "Amp": "Level 1 Finder Amplifier",
      "Eff": "1.3",
      "Decay": "0.25",
      "TT": "78",
      "Type": "Amp"
    },
    {
      "Amp": "Level 1 Finder Amplifier (L)",
      "Eff": "1.3",
      "Decay": "0.25",
      "TT": "78",
      "Type": "Amp"
    },
    {
      "Amp": "Level 1 Finder Amplifier 'Achilles' (L)",
      "Eff": "1.3",
      "Decay": "0.25",
      "TT": "89",
      "Type": "Amp"
    },
    {
      "Amp": "Level 1 Finder Amplifier Light (L)",
      "Eff": "1.2",
      "Decay": "0.25",
      "TT": "30",
      "Type": "Amp"
    },
    {
      "Amp": "Level 2 Finder Amplifier",
      "Eff": "2.5",
      "Decay": "0.50",
      "TT": "78",
      "Type": "Amp"
    },
    {
      "Amp": "Level 2 Finder Amplifier (L)",
      "Eff": "2.5",
      "Decay": "0.50",
      "TT": "100",
      "Type": "Amp"
    },
    {
      "Amp": "Level 2 Finder Amplifier, SGA Edition",
      "Eff": "2.5",
      "Decay": "0.50",
      "TT": "78",
      "Type": "Amp"
    },
    {
      "Amp": "Level 2 Finder Amplifier Light (L)",
      "Eff": "2.5",
      "Decay": "0.50",
      "TT": "50",
      "Type": "Amp"
    },
    {
      "Amp": "Level 3 Finder Amplifier",
      "Eff": "5",
      "Decay": "1.00",
      "TT": "100",
      "Type": "Amp"
    },
    {
      "Amp": "Level 3 Finder Amplifier (L)",
      "Eff": "5",
      "Decay": "1.00",
      "TT": "114",
      "Type": "Amp"
    },
    {
      "Amp": "Level 3 Finder Amplifier, SGA Edition",
      "Eff": "5",
      "Decay": "1.00",
      "TT": "114",
      "Type": "Amp"
    },
    {
      "Amp": "Level 3 Finder Amplifier 'Achilles' (L)",
      "Eff": "5",
      "Decay": "1.00",
      "TT": "131",
      "Type": "Amp"
    },
    {
      "Amp": "Level 3 Finder Amplifier Light (L)",
      "Eff": "5",
      "Decay": "1.00",
      "TT": "75",
      "Type": "Amp"
    },
    {
      "Amp": "Level 4 Finder Amplifier",
      "Eff": "7.5",
      "Decay": "1.50",
      "TT": "150",
      "Type": "Amp"
    },
    {
      "Amp": "Level 4 Finder Amplifier (L)",
      "Eff": "7.5",
      "Decay": "1.50",
      "TT": "150",
      "Type": "Amp"
    },
    {
      "Amp": "Level 5 Finder Amplifier",
      "Eff": "10",
      "Decay": "2.00",
      "TT": "113",
      "Type": "Amp"
    },
    {
      "Amp": "Level 5 Finder Amplifier (L)",
      "Eff": "10",
      "Decay": "2.00",
      "TT": "200",
      "Type": "Amp"
    },
    {
      "Amp": "Level 6 Finder Amplifier (L)",
      "Eff": "12.5",
      "Decay": "2.50",
      "TT": "250",
      "Type": "Amp"
    },
    {
      "Amp": "Level 7 Finder Amplifier",
      "Eff": "15",
      "Decay": "3.00",
      "TT": "120",
      "Type": "Amp"
    },
    {
      "Amp": "Level 7 Finder Amplifier (L)",
      "Eff": "15",
      "Decay": "3.00",
      "TT": "120",
      "Type": "Amp"
    },
    {
      "Amp": "Level 7 Finder Amplifier 'Athena' (L)",
      "Eff": "16",
      "Decay": "3.20",
      "TT": "198",
      "Type": "Amp"
    },
    {
      "Amp": "Level 8 Finder Amplifier",
      "Eff": "20",
      "Decay": "4.00",
      "TT": "160",
      "Type": "Amp"
    },
    {
      "Amp": "Level 8 Finder Amplifier (L)",
      "Eff": "20",
      "Decay": "4.00",
      "TT": "160",
      "Type": "Amp"
    },
    {
      "Amp": "Level 9 Finder Amplifier (L)",
      "Eff": "25",
      "Decay": "5.00",
      "TT": "260",
      "Type": "Amp"
    },
    {
      "Amp": "Level 10 Finder Amplifier (L)",
      "Eff": "37.5",
      "Decay": "7.50",
      "TT": "300",
      "Type": "Amp"
    },
    {
      "Amp": "Level 11 Finder Amplifier (L)",
      "Eff": "50",
      "Decay": "10.00",
      "TT": "350",
      "Type": "Amp"
    },
    {
      "Amp": "Level 12 Finder Amplifier (L)",
      "Eff": "75",
      "Decay": "15.00",
      "TT": "255",
      "Type": "Amp"
    },
    {
      "Amp": "Level 13 Finder Amplifier (L)",
      "Eff": "100",
      "Decay": "20.00",
      "TT": "340",
      "Type": "Amp"
    },
    {
      "Amp": "Level II Finder Amplifier 'Achilles' (L)",
      "Eff": "2.5",
      "Decay": "0.50",
      "TT": "115",
      "Type": "Amp"
    },
    {
      "Amp": "Level II Finder Amplifier 'Athena' (L)",
      "Eff": "3",
      "Decay": "0.60",
      "TT": "82",
      "Type": "Amp"
    },
    {
      "Amp": "Level III Finder Amplifier 'Athena' (L)",
      "Eff": "4",
      "Decay": "0.80",
      "TT": "102",
      "Type": "Amp"
    },
    {
      "Amp": "Level V Finder Amplifier 'Athena' (L)",
      "Eff": "11",
      "Decay": "2.20",
      "TT": "178",
      "Type": "Amp"
    },
    {
      "Amp": "Level VIII Finder Amplifier 'Athena' (L)",
      "Eff": "19",
      "Decay": "3.80",
      "TT": "208",
      "Type": "Amp"
    },
    {
      "Amp": "Sabad Finder Amp V1 (L)",
      "Eff": "5.5",
      "Decay": "1.10",
      "TT": "165",
      "Type": "Amp"
    },
    {
      "Amp": "Terra Amp 1 (L)",
      "Eff": "4",
      "Decay": "0.80",
      "TT": "45",
      "Type": "Amp"
    },
    {
      "Amp": "Terra Amp 1 Gold Rush",
      "Eff": "4",
      "Decay": "0.80",
      "TT": "45",
      "Type": "Amp"
    },
    {
      "Amp": "Terra Amp 2 (L)",
      "Eff": "8",
      "Decay": "1.60",
      "TT": "195",
      "Type": "Amp"
    },
    {
      "Amp": "Terra Amp 3 (L)",
      "Eff": "12.5",
      "Decay": "2.50",
      "TT": "300",
      "Type": "Amp"
    },
    {
      "Amp": "Terra Amp 4 (L)",
      "Eff": "17.5",
      "Decay": "3.50",
      "TT": "315",
      "Type": "Amp"
    },
    {
      "Amp": "Terra Amp 5 (L)",
      "Eff": "22.5",
      "Decay": "4.50",
      "TT": "325",
      "Type": "Amp"
    },
    {
      "Amp": "Terra Amp 6 (L)",
      "Eff": "30",
      "Decay": "6.00",
      "TT": "338",
      "Type": "Amp"
    },
    {
      "Amp": "Terra Amp 7 (L)",
      "Eff": "45",
      "Decay": "9.00",
      "TT": "360",
      "Type": "Amp"
    },
    {
      "Amp": "Terra Amp 8 (L)",
      "Eff": "60",
      "Decay": "12.00",
      "TT": "385",
      "Type": "Amp"
    },
    {
      "Amp": "Terra Amp 9 (L)",
      "Eff": "80",
      "Decay": "16.00",
      "TT": "400",
      "Type": "Amp"
    },
    {
      "Amp": "Terra Amp 10 (L)",
      "Eff": "100",
      "Decay": "20.00",
      "TT": "442",
      "Type": "Amp"
    },
    {
      "Amp": "Terra Amp I 'Athena' (L)",
      "Eff": "2",
      "Decay": "0.40",
      "TT": "64",
      "Type": "Amp"
    },
    {
      "Amp": "Terra Amp IV 'Athena' (L)",
      "Eff": "6",
      "Decay": "1.20",
      "TT": "134",
      "Type": "Amp"
    },
    {
      "Amp": "Terra Amp VI 'Athena' (L)",
      "Eff": "13",
      "Decay": "2.60",
      "TT": "188",
      "Type": "Amp"
    }
  ]
}