{
  "Finders": [
    {
      "Finder": "",
      "Range": "0",
      "TT": "0",
      "Decay": "0",
      "Type": "Finder"
    },
    {
      "Finder": "A.R.C. Finder 0001 (L)",
      "Range": "54",
      "TT": "204",
      "Decay": "0.00250",
      "Type": "Finder"
    },
    {
      "Finder": "CDF Finder z10 (L)",
      "Range": "54",
      "TT": "223.9",
      "Decay": "0.00320",
      "Type": "Finder"
    },
    {
      "Finder": "CDF Finder z25 (L)",
      "Range": "54.2",
      "TT": "422.9",
      "Decay": "0.00560",
      "Type": "Finder"
    },
    {
      "Finder": "CDF Finder z40 (L)",
      "Range": "54.6",
      "TT": "741.3",
      "Decay": "0.00000",
      "Type": "Finder"
    },
    {
      "Finder": "Demonic Detector MK-I (L)",
      "Range": "54",
      "TT": "204",
      "Decay": "0.00500",
      "Type": "Finder"
    },
    {
      "Finder": "DSEC Seeker L2 (L)",
      "Range": "55",
      "TT": "213.9",
      "Decay": "0.00000",
      "Type": "Finder"
    },
    {
      "Finder": "DSEC Seeker L12 (L)",
      "Range": "55",
      "TT": "462.7",
      "Decay": "0.02290",
      "Type": "Finder"
    },
    {
      "Finder": "DSEC Seeker L30 (L)",
      "Range": "55",
      "TT": "820.9",
      "Decay": "0.03960",
      "Type": "Finder"
    },
    {
      "Finder": "eMINE FS (L)",
      "Range": "54",
      "TT": "676.6",
      "Decay": "0.01743",
      "Type": "Finder"
    },
    {
      "Finder": "Finder F-101",
      "Range": "54",
      "TT": "263.7",
      "Decay": "0.01000",
      "Type": "Finder"
    },
    {
      "Finder": "Finder F-102",
      "Range": "54",
      "TT": "323.4",
      "Decay": "0.01150",
      "Type": "Finder"
    },
    {
      "Finder": "Finder F-103",
      "Range": "54.5",
      "TT": "363.2",
      "Decay": "0.01450",
      "Type": "Finder"
    },
    {
      "Finder": "Finder F-104",
      "Range": "54.5",
      "TT": "432.9",
      "Decay": "0.01630",
      "Type": "Finder"
    },
    {
      "Finder": "Finder F-105",
      "Range": "55",
      "TT": "522.4",
      "Decay": "0.02050",
      "Type": "Finder"
    },
    {
      "Finder": "Finder F-105, TEN Edition",
      "Range": "55",
      "TT": "552.3",
      "Decay": "0.01900",
      "Type": "Finder"
    },
    {
      "Finder": "Finder F-106",
      "Range": "55",
      "TT": "582.1",
      "Decay": "0.01799",
      "Type": "Finder"
    },
    {
      "Finder": "Finder F-210 (L)",
      "Range": "54",
      "TT": "383.1",
      "Decay": "0.01250",
      "Type": "Finder"
    },
    {
      "Finder": "Finder F-211 (L)",
      "Range": "55",
      "TT": "472.6",
      "Decay": "0.01306",
      "Type": "Finder"
    },
    {
      "Finder": "Finder F-212 (L)",
      "Range": "55",
      "TT": "592",
      "Decay": "0.01343",
      "Type": "Finder"
    },
    {
      "Finder": "Finder F-212, SGA Edition (L)",
      "Range": "55",
      "TT": "612",
      "Decay": "0.00000",
      "Type": "Finder"
    },
    {
      "Finder": "Finder F-213 (L)",
      "Range": "54.5",
      "TT": "631.8",
      "Decay": "0.01660",
      "Type": "Finder"
    },
    {
      "Finder": "Finder F-213 (L) Adapted",
      "Range": "54",
      "TT": "811",
      "Decay": "0.02330",
      "Type": "Finder"
    },
    {
      "Finder": "Finder F-213 (L) Customized",
      "Range": "55",
      "TT": "850.8",
      "Decay": "0.02680",
      "Type": "Finder"
    },
    {
      "Finder": "Finder F-214 (L)",
      "Range": "54",
      "TT": "651.8",
      "Decay": "0.00000",
      "Type": "Finder"
    },
    {
      "Finder": "Genesis Rookie Finder (L)",
      "Range": "54",
      "TT": "104.5",
      "Decay": "0.00239",
      "Type": "Finder"
    },
    {
      "Finder": "Genesis Star Rookie Finder (L)",
      "Range": "54",
      "TT": "104.5",
      "Decay": "0.00002",
      "Type": "Finder"
    },
    {
      "Finder": "Imperium Detectonator X2 (L)",
      "Range": "54",
      "TT": "626.9",
      "Decay": "0.07000",
      "Type": "Finder"
    },
    {
      "Finder": "Imperium Trainee Finder (L)",
      "Range": "54",
      "TT": "204",
      "Decay": "0.00520",
      "Type": "Finder"
    },
    {
      "Finder": "Island Ziplex Z1 Seeker",
      "Range": "55",
      "TT": "204",
      "Decay": "0.00751",
      "Type": "Finder"
    },
    {
      "Finder": "Locator MK1 (L)",
      "Range": "54",
      "TT": "104.5",
      "Decay": "0.00000",
      "Type": "Finder"
    },
    {
      "Finder": "Lost Soul Seeker (L)",
      "Range": "54.8",
      "TT": "721",
      "Decay": "0.03700",
      "Type": "Finder"
    },
    {
      "Finder": "NI Finder New Settler Issue (L)",
      "Range": "54",
      "TT": "104.5",
      "Decay": "0.00200",
      "Type": "Finder"
    },
    {
      "Finder": "Omegaton Detectonator MD-1 (L)",
      "Range": "54",
      "TT": "104.5",
      "Decay": "0.00239",
      "Type": "Finder"
    },
    {
      "Finder": "Omegaton Detectonator MD-10",
      "Range": "53",
      "TT": "204",
      "Decay": "0.01000",
      "Type": "Finder"
    },
    {
      "Finder": "Omegaton Detectonator MD-20",
      "Range": "53",
      "TT": "223.9",
      "Decay": "0.02000",
      "Type": "Finder"
    },
    {
      "Finder": "Omegaton Detectonator MD-30",
      "Range": "53.5",
      "TT": "333.4",
      "Decay": "0.01000",
      "Type": "Finder"
    },
    {
      "Finder": "Omegaton Detectonator MD-40",
      "Range": "53.5",
      "TT": "373.1",
      "Decay": "0.00830",
      "Type": "Finder"
    },
    {
      "Finder": "Omegaton Detectonator MD-50",
      "Range": "54",
      "TT": "492.6",
      "Decay": "0.00800",
      "Type": "Finder"
    },
    {
      "Finder": "PaySafe Finder (L)",
      "Range": "55",
      "TT": "303.5",
      "Decay": "0.01215",
      "Type": "Finder"
    },
    {
      "Finder": "Punk Metal Detector (L)",
      "Range": "54",
      "TT": "104.5",
      "Decay": "0.00239",
      "Type": "Finder"
    },
    {
      "Finder": "ROCTEC C0UGR Finder (L)",
      "Range": "55.2",
      "TT": "562.2",
      "Decay": "0.03300",
      "Type": "Finder"
    },
    {
      "Finder": "ROCTEC M1-LF Finder (L)",
      "Range": "55.2",
      "TT": "900.5",
      "Decay": "0.02400",
      "Type": "Finder"
    },
    {
      "Finder": "ROCTEC S16 Finder (L)",
      "Range": "54",
      "TT": "253.8",
      "Decay": "0.01700",
      "Type": "Finder"
    },
    {
      "Finder": "Rookie TerraMaster",
      "Range": "54",
      "TT": "109.5",
      "Decay": "0.00239",
      "Type": "Finder"
    },
    {
      "Finder": "Sabad Finder Beginner (L)",
      "Range": "54",
      "TT": "104.5",
      "Decay": "0.00000",
      "Type": "Finder"
    },
    {
      "Finder": "Sabad Finder M1 (L)",
      "Range": "54",
      "TT": "204",
      "Decay": "0.00751",
      "Type": "Finder"
    },
    {
      "Finder": "Sabad Finder M2 (L)",
      "Range": "55",
      "TT": "303.5",
      "Decay": "0.00000",
      "Type": "Finder"
    },
    {
      "Finder": "Sabad Finder M3 (L)",
      "Range": "0",
      "TT": "0",
      "Decay": "0.00000",
      "Type": "Finder"
    },
    {
      "Finder": "Sabad Finder M4 (L)",
      "Range": "55",
      "TT": "477.6",
      "Decay": "0.00000",
      "Type": "Finder"
    },
    {
      "Finder": "Sabad Finder M5 (L)",
      "Range": "0",
      "TT": "0",
      "Decay": "0.00000",
      "Type": "Finder"
    },
    {
      "Finder": "TerraMaster 1 (L)",
      "Range": "55",
      "TT": "206",
      "Decay": "0.01500",
      "Type": "Finder"
    },
    {
      "Finder": "TerraMaster 2 (L)",
      "Range": "55",
      "TT": "408",
      "Decay": "0.02200",
      "Type": "Finder"
    },
    {
      "Finder": "TerraMaster 3 (L)",
      "Range": "55",
      "TT": "631.8",
      "Decay": "0.03225",
      "Type": "Finder"
    },
    {
      "Finder": "TerraMaster 3 Gold Rush",
      "Range": "55",
      "TT": "631.8",
      "Decay": "0.03225",
      "Type": "Finder"
    },
    {
      "Finder": "TerraMaster 4 (L)",
      "Range": "55",
      "TT": "741.3",
      "Decay": "0.03720",
      "Type": "Finder"
    },
    {
      "Finder": "TerraMaster 5 (L)",
      "Range": "55",
      "TT": "830.8",
      "Decay": "0.04125",
      "Type": "Finder"
    },
    {
      "Finder": "TerraMaster 6 (L)",
      "Range": "55",
      "TT": "885.6",
      "Decay": "0.04372",
      "Type": "Finder"
    },
    {
      "Finder": "TerraMaster 7 (L)",
      "Range": "55",
      "TT": "925.4",
      "Decay": "0.04552",
      "Type": "Finder"
    },
    {
      "Finder": "TerraMaster 8 (L)",
      "Range": "55",
      "TT": "1000",
      "Decay": "0.04890",
      "Type": "Finder"
    },
    {
      "Finder": "TerraMaster 8 Gold Rush",
      "Range": "55",
      "TT": "390",
      "Decay": "0.04890",
      "Type": "Finder"
    },
    {
      "Finder": "TerraMaster Trainer (L)",
      "Range": "55",
      "TT": "104.5",
      "Decay": "0.00750",
      "Type": "Finder"
    },
    {
      "Finder": "TerraMaster TT (L)",
      "Range": "54",
      "TT": "104.5",
      "Decay": "0.00239",
      "Type": "Finder"
    },
    {
      "Finder": "Ziplex A10 (L)",
      "Range": "54",
      "TT": "204",
      "Decay": "0.01500",
      "Type": "Finder"
    },
    {
      "Finder": "Ziplex A13 (L)",
      "Range": "54",
      "TT": "223.9",
      "Decay": "0.00000",
      "Type": "Finder"
    },
    {
      "Finder": "Ziplex A16 (L)",
      "Range": "54",
      "TT": "253.8",
      "Decay": "0.00000",
      "Type": "Finder"
    },
    {
      "Finder": "Ziplex A19 (L)",
      "Range": "55",
      "TT": "303.5",
      "Decay": "0.01800",
      "Type": "Finder"
    },
    {
      "Finder": "Ziplex A22 (L)",
      "Range": "55",
      "TT": "403",
      "Decay": "0.01900",
      "Type": "Finder"
    },
    {
      "Finder": "Ziplex A25 (L)",
      "Range": "55.1",
      "TT": "502.5",
      "Decay": "0.02000",
      "Type": "Finder"
    },
    {
      "Finder": "Ziplex A28 (L)",
      "Range": "55.2",
      "TT": "602",
      "Decay": "0.00000",
      "Type": "Finder"
    },
    {
      "Finder": "Ziplex A31 (L)",
      "Range": "55.2",
      "TT": "701.5",
      "Decay": "0.00000",
      "Type": "Finder"
    },
    {
      "Finder": "Ziplex A33 (L)",
      "Range": "55.2",
      "TT": "801",
      "Decay": "0.00000",
      "Type": "Finder"
    },
    {
      "Finder": "Ziplex A35 (L)",
      "Range": "55.2",
      "TT": "900.5",
      "Decay": "0.00000",
      "Type": "Finder"
    },
    {
      "Finder": "Ziplex B35 (L)",
      "Range": "55",
      "TT": "502.5",
      "Decay": "0.03000",
      "Type": "Finder"
    },
    {
      "Finder": "Ziplex B40 (L)",
      "Range": "55.1",
      "TT": "522.4",
      "Decay": "0.03100",
      "Type": "Finder"
    },
    {
      "Finder": "Ziplex B50 (L)",
      "Range": "55.2",
      "TT": "542.3",
      "Decay": "0.03200",
      "Type": "Finder"
    },
    {
      "Finder": "Ziplex B60 (L)",
      "Range": "55.2",
      "TT": "562.2",
      "Decay": "0.00000",
      "Type": "Finder"
    },
    {
      "Finder": "Ziplex B70 (L)",
      "Range": "55.2",
      "TT": "582.1",
      "Decay": "0.03000",
      "Type": "Finder"
    },
    {
      "Finder": "Ziplex C50 (L)",
      "Range": "55.2",
      "TT": "283.6",
      "Decay": "0.00000",
      "Type": "Finder"
    },
    {
      "Finder": "Ziplex C65 (L)",
      "Range": "55.2",
      "TT": "313.5",
      "Decay": "0.01200",
      "Type": "Finder"
    },
    {
      "Finder": "Ziplex C70 (L)",
      "Range": "55.2",
      "TT": "363.2",
      "Decay": "0.01200",
      "Type": "Finder"
    },
    {
      "Finder": "Ziplex D33 (L)",
      "Range": "54",
      "TT": "801",
      "Decay": "0.03600",
      "Type": "Finder"
    },
    {
      "Finder": "Ziplex D44 (L)",
      "Range": "54",
      "TT": "900.5",
      "Decay": "0.03200",
      "Type": "Finder"
    },
    {
      "Finder": "Ziplex D52 (L)",
      "Range": "54.5",
      "TT": "990",
      "Decay": "0.03000",
      "Type": "Finder"
    },
    {
      "Finder": "Ziplex P20 (L)",
      "Range": "55.2",
      "TT": "701.5",
      "Decay": "0.00000",
      "Type": "Finder"
    },
    {
      "Finder": "Ziplex P20, TWEN Edition",
      "Range": "55.2",
      "TT": "701.5",
      "Decay": "0.00000",
      "Type": "Finder"
    },
    {
      "Finder": "Ziplex P30 (L)",
      "Range": "55.2",
      "TT": "701.5",
      "Decay": "0.00160",
      "Type": "Finder"
    },
    {
      "Finder": "Ziplex P50 (L)",
      "Range": "55.2",
      "TT": "701.5",
      "Decay": "0.00266",
      "Type": "Finder"
    },
    {
      "Finder": "Ziplex P85 (L)",
      "Range": "55.2",
      "TT": "701.5",
      "Decay": "0.00000",
      "Type": "Finder"
    },
    {
      "Finder": "Ziplex P160 (L)",
      "Range": "55.2",
      "TT": "701.5",
      "Decay": "0.00700",
      "Type": "Finder"
    },
    {
      "Finder": "Ziplex TK120 Seeker (L)",
      "Range": "55",
      "TT": "701.5",
      "Decay": "0.01803",
      "Type": "Finder"
    },
    {
      "Finder": "Ziplex TK220 Seeker (L)",
      "Range": "55",
      "TT": "776.1",
      "Decay": "0.03960",
      "Type": "Finder"
    },
    {
      "Finder": "Ziplex TK320 Seeker (L)",
      "Range": "55",
      "TT": "850.8",
      "Decay": "0.04303",
      "Type": "Finder"
    },
    {
      "Finder": "Ziplex TK320 Seeker, SGA Edition (L)",
      "Range": "55",
      "TT": "870.7",
      "Decay": "0.00000",
      "Type": "Finder"
    },
    {
      "Finder": "Ziplex VRX2000 Seeker (L)",
      "Range": "55",
      "TT": "925.4",
      "Decay": "0.02320",
      "Type": "Finder"
    },
    {
      "Finder": "Ziplex VRX3000 Seeker (L)",
      "Range": "55",
      "TT": "1000",
      "Decay": "0.05010",
      "Type": "Finder"
    },
    {
      "Finder": "Ziplex Z1 Seeker",
      "Range": "55",
      "TT": "204",
      "Decay": "0.00751",
      "Type": "Finder"
    },
    {
      "Finder": "Ziplex Z5 Seeker (L)",
      "Range": "55",
      "TT": "303.5",
      "Decay": "0.01855",
      "Type": "Finder"
    },
    {
      "Finder": "Ziplex Z10 Seeker (L)",
      "Range": "55",
      "TT": "403",
      "Decay": "0.02209",
      "Type": "Finder"
    },
    {
      "Finder": "Ziplex Z10 Seeker, SGA Edition (L)",
      "Range": "0",
      "TT": "0",
      "Decay": "0.00000",
      "Type": "Finder"
    },
    {
      "Finder": "Ziplex Z15 Seeker (L)",
      "Range": "55",
      "TT": "477.6",
      "Decay": "0.02557",
      "Type": "Finder"
    },
    {
      "Finder": "Ziplex Z20 Seeker (L)",
      "Range": "55",
      "TT": "552.3",
      "Decay": "0.01452",
      "Type": "Finder"
    },
    {
      "Finder": "Ziplex Z25 Seeker (L)",
      "Range": "55",
      "TT": "626.9",
      "Decay": "0.03251",
      "Type": "Finder"
    }
  ]
}