{
  "Finders": [
    {
      "Finder": "",
      "Range": "0",
      "TT": "0",
      "Decay": "0",
      "Depth": "0",
      "Type": "Finder"
    },
    {
      "Finder": "A.R.C. Finder 0001 (L)",
      "Range": "54",
      "TT": "0.1",
      "Decay": "0.00250",
      "Depth": "204",
      "Type": "Finder"
    },
    {
      "Finder": "CDF Finder z10 (L)",
      "Range": "54",
      "TT": "1",
      "Decay": "0.00320",
      "Depth": "223.9",
      "Type": "Finder"
    },
    {
      "Finder": "CDF Finder z25 (L)",
      "Range": "54.2",
      "TT": "2",
      "Decay": "0.00560",
      "Depth": "422.9",
      "Type": "Finder"
    },
    {
      "Finder": "CDF Finder z40 (L)",
      "Range": "54.6",
      "TT": "4",
      "Decay": "0.00000",
      "Depth": "741.3",
      "Type": "Finder"
    },
    {
      "Finder": "Demonic Detector MK-I (L)",
      "Range": "54",
      "TT": "4.75",
      "Decay": "0.00500",
      "Depth": "204",
      "Type": "Finder"
    },
    {
      "Finder": "DSEC Seeker L2 (L)",
      "Range": "55",
      "TT": "18.6",
      "Decay": "0.00000",
      "Depth": "213.9",
      "Type": "Finder"
    },
    {
      "Finder": "DSEC Seeker L12 (L)",
      "Range": "55",
      "TT": "49",
      "Decay": "0.02290",
      "Depth": "462.7",
      "Type": "Finder"
    },
    {
      "Finder": "DSEC Seeker L30 (L)",
      "Range": "55",
      "TT": "136",
      "Decay": "0.03960",
      "Depth": "820.9",
      "Type": "Finder"
    },
    {
      "Finder": "eMINE FS (L)",
      "Range": "54",
      "TT": "122",
      "Decay": "0.01743",
      "Depth": "676.6",
      "Type": "Finder"
    },
    {
      "Finder": "Finder F-101",
      "Range": "54",
      "TT": "5.5",
      "Decay": "0.01000",
      "Depth": "263.7",
      "Type": "Finder"
    },
    {
      "Finder": "Finder F-102",
      "Range": "54",
      "TT": "30",
      "Decay": "0.01150",
      "Depth": "323.4",
      "Type": "Finder"
    },
    {
      "Finder": "Finder F-103",
      "Range": "54.5",
      "TT": "55",
      "Decay": "0.01450",
      "Depth": "363.2",
      "Type": "Finder"
    },
    {
      "Finder": "Finder F-104",
      "Range": "54.5",
      "TT": "66.6",
      "Decay": "0.01630",
      "Depth": "432.9",
      "Type": "Finder"
    },
    {
      "Finder": "Finder F-105",
      "Range": "55",
      "TT": "82",
      "Decay": "0.02050",
      "Depth": "522.4",
      "Type": "Finder"
    },
    {
      "Finder": "Finder F-105, TEN Edition",
      "Range": "55",
      "TT": "82",
      "Decay": "0.01900",
      "Depth": "552.3",
      "Type": "Finder"
    },
    {
      "Finder": "Finder F-106",
      "Range": "55",
      "TT": "79.95",
      "Decay": "0.01799",
      "Depth": "582.1",
      "Type": "Finder"
    },
    {
      "Finder": "Finder F-210 (L)",
      "Range": "54",
      "TT": "105",
      "Decay": "0.01250",
      "Depth": "383.1",
      "Type": "Finder"
    },
    {
      "Finder": "Finder F-211 (L)",
      "Range": "55",
      "TT": "121.2",
      "Decay": "0.01306",
      "Depth": "472.6",
      "Type": "Finder"
    },
    {
      "Finder": "Finder F-212 (L)",
      "Range": "55",
      "TT": "155.2",
      "Decay": "0.01343",
      "Depth": "592",
      "Type": "Finder"
    },
    {
      "Finder": "Finder F-212, SGA Edition (L)",
      "Range": "55",
      "TT": "155.2",
      "Decay": "0.00000",
      "Depth": "612",
      "Type": "Finder"
    },
    {
      "Finder": "Finder F-213 (L)",
      "Range": "54.5",
      "TT": "201.2",
      "Decay": "0.01660",
      "Depth": "631.8",
      "Type": "Finder"
    },
    {
      "Finder": "Finder F-213 (L) Adapted",
      "Range": "54",
      "TT": "678",
      "Decay": "0.02330",
      "Depth": "811",
      "Type": "Finder"
    },
    {
      "Finder": "Finder F-213 (L) Customized",
      "Range": "55",
      "TT": "2678",
      "Decay": "0.02680",
      "Depth": "850.8",
      "Type": "Finder"
    },
    {
      "Finder": "Finder F-214 (L)",
      "Range": "54",
      "TT": "231.2",
      "Decay": "0.00000",
      "Depth": "651.8",
      "Type": "Finder"
    },
    {
      "Finder": "Genesis Rookie Finder (L)",
      "Range": "54",
      "TT": "0.06",
      "Decay": "0.00239",
      "Depth": "104.5",
      "Type": "Finder"
    },
    {
      "Finder": "Genesis Star Rookie Finder (L)",
      "Range": "54",
      "TT": "0.1",
      "Decay": "0.00002",
      "Depth": "104.5",
      "Type": "Finder"
    },
    {
      "Finder": "Imperium Detectonator X2 (L)",
      "Range": "54",
      "TT": "170",
      "Decay": "0.07000",
      "Depth": "626.9",
      "Type": "Finder"
    },
    {
      "Finder": "Imperium Trainee Finder (L)",
      "Range": "54",
      "TT": "0.1",
      "Decay": "0.00520",
      "Depth": "204",
      "Type": "Finder"
    },
    {
      "Finder": "Island Ziplex Z1 Seeker",
      "Range": "55",
      "TT": "2.4",
      "Decay": "0.00751",
      "Depth": "204",
      "Type": "Finder"
    },
    {
      "Finder": "Locator MK1 (L)",
      "Range": "54",
      "TT": "0.1",
      "Decay": "0.00000",
      "Depth": "104.5",
      "Type": "Finder"
    },
    {
      "Finder": "Lost Soul Seeker (L)",
      "Range": "54.8",
      "TT": "48",
      "Decay": "0.03700",
      "Depth": "721",
      "Type": "Finder"
    },
    {
      "Finder": "NI Finder New Settler Issue (L)",
      "Range": "54",
      "TT": "1",
      "Decay": "0.00200",
      "Depth": "104.5",
      "Type": "Finder"
    },
    {
      "Finder": "Omegaton Detectonator MD-1 (L)",
      "Range": "54",
      "TT": "0.1",
      "Decay": "0.00239",
      "Depth": "104.5",
      "Type": "Finder"
    },
    {
      "Finder": "Omegaton Detectonator MD-10",
      "Range": "53",
      "TT": "2.4",
      "Decay": "0.01000",
      "Depth": "204",
      "Type": "Finder"
    },
    {
      "Finder": "Omegaton Detectonator MD-20",
      "Range": "53",
      "TT": "26",
      "Decay": "0.02000",
      "Depth": "223.9",
      "Type": "Finder"
    },
    {
      "Finder": "Omegaton Detectonator MD-30",
      "Range": "53.5",
      "TT": "40",
      "Decay": "0.01000",
      "Depth": "333.4",
      "Type": "Finder"
    },
    {
      "Finder": "Omegaton Detectonator MD-40",
      "Range": "53.5",
      "TT": "56",
      "Decay": "0.00830",
      "Depth": "373.1",
      "Type": "Finder"
    },
    {
      "Finder": "Omegaton Detectonator MD-50",
      "Range": "54",
      "TT": "64",
      "Decay": "0.00800",
      "Depth": "492.6",
      "Type": "Finder"
    },
    {
      "Finder": "PaySafe Finder (L)",
      "Range": "55",
      "TT": "6.2",
      "Decay": "0.01215",
      "Depth": "303.5",
      "Type": "Finder"
    },
    {
      "Finder": "Punk Metal Detector (L)",
      "Range": "54",
      "TT": "0.1",
      "Decay": "0.00239",
      "Depth": "104.5",
      "Type": "Finder"
    },
    {
      "Finder": "ROCTEC C0UGR Finder (L)",
      "Range": "55.2",
      "TT": "50",
      "Decay": "0.03300",
      "Depth": "562.2",
      "Type": "Finder"
    },
    {
      "Finder": "ROCTEC M1-LF Finder (L)",
      "Range": "55.2",
      "TT": "45",
      "Decay": "0.02400",
      "Depth": "900.5",
      "Type": "Finder"
    },
    {
      "Finder": "ROCTEC S16 Finder (L)",
      "Range": "54",
      "TT": "35",
      "Decay": "0.01700",
      "Depth": "253.8",
      "Type": "Finder"
    },
    {
      "Finder": "Rookie TerraMaster",
      "Range": "54",
      "TT": "1",
      "Decay": "0.00239",
      "Depth": "109.5",
      "Type": "Finder"
    },
    {
      "Finder": "Sabad Finder Beginner (L)",
      "Range": "54",
      "TT": "0.08",
      "Decay": "0.00000",
      "Depth": "104.5",
      "Type": "Finder"
    },
    {
      "Finder": "Sabad Finder M1 (L)",
      "Range": "54",
      "TT": "2",
      "Decay": "0.00751",
      "Depth": "204",
      "Type": "Finder"
    },
    {
      "Finder": "Sabad Finder M2 (L)",
      "Range": "55",
      "TT": "26",
      "Decay": "0.00000",
      "Depth": "303.5",
      "Type": "Finder"
    },
    {
      "Finder": "Sabad Finder M3 (L)",
      "Range": "0",
      "TT": "",
      "Decay": "0.00000",
      "Depth": "0",
      "Type": "Finder"
    },
    {
      "Finder": "Sabad Finder M4 (L)",
      "Range": "55",
      "TT": "78",
      "Decay": "0.00000",
      "Depth": "477.6",
      "Type": "Finder"
    },
    {
      "Finder": "Sabad Finder M5 (L)",
      "Range": "0",
      "TT": "",
      "Decay": "0.00000",
      "Depth": "0",
      "Type": "Finder"
    },
    {
      "Finder": "TerraMaster 1 (L)",
      "Range": "55",
      "TT": "2.5",
      "Decay": "0.01500",
      "Depth": "206",
      "Type": "Finder"
    },
    {
      "Finder": "TerraMaster 2 (L)",
      "Range": "55",
      "TT": "55",
      "Decay": "0.02200",
      "Depth": "408",
      "Type": "Finder"
    },
    {
      "Finder": "TerraMaster 3 (L)",
      "Range": "55",
      "TT": "95",
      "Decay": "0.03225",
      "Depth": "631.8",
      "Type": "Finder"
    },
    {
      "Finder": "TerraMaster 3 Gold Rush",
      "Range": "55",
      "TT": "95",
      "Decay": "0.03225",
      "Depth": "631.8",
      "Type": "Finder"
    },
    {
      "Finder": "TerraMaster 4 (L)",
      "Range": "55",
      "TT": "150",
      "Decay": "0.03720",
      "Depth": "741.3",
      "Type": "Finder"
    },
    {
      "Finder": "TerraMaster 5 (L)",
      "Range": "55",
      "TT": "205",
      "Decay": "0.04125",
      "Depth": "830.8",
      "Type": "Finder"
    },
    {
      "Finder": "TerraMaster 6 (L)",
      "Range": "55",
      "TT": "260",
      "Decay": "0.04372",
      "Depth": "885.6",
      "Type": "Finder"
    },
    {
      "Finder": "TerraMaster 7 (L)",
      "Range": "55",
      "TT": "320",
      "Decay": "0.04552",
      "Depth": "925.4",
      "Type": "Finder"
    },
    {
      "Finder": "TerraMaster 8 (L)",
      "Range": "55",
      "TT": "390",
      "Decay": "0.04890",
      "Depth": "1000",
      "Type": "Finder"
    },
    {
      "Finder": "TerraMaster 8 Gold Rush",
      "Range": "55",
      "TT": "390",
      "Decay": "0.04890",
      "Depth": "1000",
      "Type": "Finder"
    },
    {
      "Finder": "TerraMaster Trainer (L)",
      "Range": "55",
      "TT": "0.4",
      "Decay": "0.00750",
      "Depth": "104.5",
      "Type": "Finder"
    },
    {
      "Finder": "TerraMaster TT (L)",
      "Range": "54",
      "TT": "0.1",
      "Decay": "0.00239",
      "Depth": "104.5",
      "Type": "Finder"
    },
    {
      "Finder": "Ziplex A10 (L)",
      "Range": "54",
      "TT": "50",
      "Decay": "0.01500",
      "Depth": "204",
      "Type": "Finder"
    },
    {
      "Finder": "Ziplex A13 (L)",
      "Range": "54",
      "TT": "51",
      "Decay": "0.00000",
      "Depth": "223.9",
      "Type": "Finder"
    },
    {
      "Finder": "Ziplex A16 (L)",
      "Range": "54",
      "TT": "52",
      "Decay": "0.00000",
      "Depth": "253.8",
      "Type": "Finder"
    },
    {
      "Finder": "Ziplex A19 (L)",
      "Range": "55",
      "TT": "53",
      "Decay": "0.01800",
      "Depth": "303.5",
      "Type": "Finder"
    },
    {
      "Finder": "Ziplex A22 (L)",
      "Range": "55",
      "TT": "54",
      "Decay": "0.01900",
      "Depth": "403",
      "Type": "Finder"
    },
    {
      "Finder": "Ziplex A25 (L)",
      "Range": "55.1",
      "TT": "55",
      "Decay": "0.02000",
      "Depth": "502.5",
      "Type": "Finder"
    },
    {
      "Finder": "Ziplex A28 (L)",
      "Range": "55.2",
      "TT": "56",
      "Decay": "0.00000",
      "Depth": "602",
      "Type": "Finder"
    },
    {
      "Finder": "Ziplex A31 (L)",
      "Range": "55.2",
      "TT": "57",
      "Decay": "0.00000",
      "Depth": "701.5",
      "Type": "Finder"
    },
    {
      "Finder": "Ziplex A33 (L)",
      "Range": "55.2",
      "TT": "58",
      "Decay": "0.00000",
      "Depth": "801",
      "Type": "Finder"
    },
    {
      "Finder": "Ziplex A35 (L)",
      "Range": "55.2",
      "TT": "59",
      "Decay": "0.00000",
      "Depth": "900.5",
      "Type": "Finder"
    },
    {
      "Finder": "Ziplex B35 (L)",
      "Range": "55",
      "TT": "50",
      "Decay": "0.03000",
      "Depth": "502.5",
      "Type": "Finder"
    },
    {
      "Finder": "Ziplex B40 (L)",
      "Range": "55.1",
      "TT": "51",
      "Decay": "0.03100",
      "Depth": "522.4",
      "Type": "Finder"
    },
    {
      "Finder": "Ziplex B50 (L)",
      "Range": "55.2",
      "TT": "52",
      "Decay": "0.03200",
      "Depth": "542.3",
      "Type": "Finder"
    },
    {
      "Finder": "Ziplex B60 (L)",
      "Range": "55.2",
      "TT": "53",
      "Decay": "0.00000",
      "Depth": "562.2",
      "Type": "Finder"
    },
    {
      "Finder": "Ziplex B70 (L)",
      "Range": "55.2",
      "TT": "54",
      "Decay": "0.03000",
      "Depth": "582.1",
      "Type": "Finder"
    },
    {
      "Finder": "Ziplex C50 (L)",
      "Range": "55.2",
      "TT": "40",
      "Decay": "0.00000",
      "Depth": "283.6",
      "Type": "Finder"
    },
    {
      "Finder": "Ziplex C65 (L)",
      "Range": "55.2",
      "TT": "44",
      "Decay": "0.01200",
      "Depth": "313.5",
      "Type": "Finder"
    },
    {
      "Finder": "Ziplex C70 (L)",
      "Range": "55.2",
      "TT": "46",
      "Decay": "0.01200",
      "Depth": "363.2",
      "Type": "Finder"
    },
    {
      "Finder": "Ziplex D33 (L)",
      "Range": "54",
      "TT": "44",
      "Decay": "0.03600",
      "Depth": "801",
      "Type": "Finder"
    },
    {
      "Finder": "Ziplex D44 (L)",
      "Range": "54",
      "TT": "46",
      "Decay": "0.03200",
      "Depth": "900.5",
      "Type": "Finder"
    },
    {
      "Finder": "Ziplex D52 (L)",
      "Range": "54.5",
      "TT": "55",
      "Decay": "0.03000",
      "Depth": "990",
      "Type": "Finder"
    },
    {
      "Finder": "Ziplex P20 (L)",
      "Range": "55.2",
      "TT": "10",
      "Decay": "0.00000",
      "Depth": "701.5",
      "Type": "Finder"
    },
    {
      "Finder": "Ziplex P20, TWEN Edition",
      "Range": "55.2",
      "TT": "100",
      "Decay": "0.00000",
      "Depth": "701.5",
      "Type": "Finder"
    },
    {
      "Finder": "Ziplex P30 (L)",
      "Range": "55.2",
      "TT": "10",
      "Decay": "0.00160",
      "Depth": "701.5",
      "Type": "Finder"
    },
    {
      "Finder": "Ziplex P50 (L)",
      "Range": "55.2",
      "TT": "10",
      "Decay": "0.00266",
      "Depth": "701.5",
      "Type": "Finder"
    },
    {
      "Finder": "Ziplex P85 (L)",
      "Range": "55.2",
      "TT": "10",
      "Decay": "0.00000",
      "Depth": "701.5",
      "Type": "Finder"
    },
    {
      "Finder": "Ziplex P160 (L)",
      "Range": "55.2",
      "TT": "10",
      "Decay": "0.00700",
      "Depth": "701.5",
      "Type": "Finder"
    },
    {
      "Finder": "Ziplex TK120 Seeker (L)",
      "Range": "55",
      "TT": "218.6",
      "Decay": "0.01803",
      "Depth": "701.5",
      "Type": "Finder"
    },
    {
      "Finder": "Ziplex TK220 Seeker (L)",
      "Range": "55",
      "TT": "264.8",
      "Decay": "0.03960",
      "Depth": "776.1",
      "Type": "Finder"
    },
    {
      "Finder": "Ziplex TK320 Seeker (L)",
      "Range": "55",
      "TT": "311",
      "Decay": "0.04303",
      "Depth": "850.8",
      "Type": "Finder"
    },
    {
      "Finder": "Ziplex TK320 Seeker, SGA Edition (L)",
      "Range": "55",
      "TT": "233.25",
      "Decay": "0.00000",
      "Depth": "870.7",
      "Type": "Finder"
    },
    {
      "Finder": "Ziplex VRX2000 Seeker (L)",
      "Range": "55",
      "TT": "339",
      "Decay": "0.02320",
      "Depth": "925.4",
      "Type": "Finder"
    },
    {
      "Finder": "Ziplex VRX3000 Seeker (L)",
      "Range": "55",
      "TT": "387",
      "Decay": "0.05010",
      "Depth": "1000",
      "Type": "Finder"
    },
    {
      "Finder": "Ziplex Z1 Seeker",
      "Range": "55",
      "TT": "2.4",
      "Decay": "0.00751",
      "Depth": "204",
      "Type": "Finder"
    },
    {
      "Finder": "Ziplex Z5 Seeker (L)",
      "Range": "55",
      "TT": "29.8",
      "Decay": "0.01855",
      "Depth": "303.5",
      "Type": "Finder"
    },
    {
      "Finder": "Ziplex Z10 Seeker (L)",
      "Range": "55",
      "TT": "55",
      "Decay": "0.02209",
      "Depth": "403",
      "Type": "Finder"
    },
    {
      "Finder": "Ziplex Z10 Seeker, SGA Edition (L)",
      "Range": "0",
      "TT": "55",
      "Decay": "0.00000",
      "Depth": "0",
      "Type": "Finder"
    },
    {
      "Finder": "Ziplex Z15 Seeker (L)",
      "Range": "55",
      "TT": "80",
      "Decay": "0.02557",
      "Depth": "477.6",
      "Type": "Finder"
    },
    {
      "Finder": "Ziplex Z20 Seeker (L)",
      "Range": "55",
      "TT": "126.2",
      "Decay": "0.01452",
      "Depth": "552.3",
      "Type": "Finder"
    },
    {
      "Finder": "Ziplex Z25 Seeker (L)",
      "Range": "55",
      "TT": "172.4",
      "Decay": "0.03251",
      "Depth": "626.9",
      "Type": "Finder"
    }
  ]
}