{
  "Plate": [
    {
      "Plate": "",
      "Acid": "0",
      "Burn": "0",
      "Cold": "0",
      "Cut": "0",
      "Elect": "0",
      "Impact": "0",
      "Penet": "0",
      "Shrap": "0",
      "Stab": "0",
      "Durability": "0",
      "MaxTT": "0",
      "Decay": "0",
      "LimitType": "UL",
      "Type": "Plate"
    },
    {
      "Plate": "A.R.C. Laceration Plate Augmented",
      "Acid": "0",
      "Burn": "0",
      "Cold": "0",
      "Cut": "30",
      "Elect": "0",
      "Impact": "12",
      "Penet": "0",
      "Shrap": "0",
      "Stab": "5",
      "Durability": "2600",
      "MaxTT": "65",
      "Decay": "0",
      "LimitType": "UL",
      "Type": "Plate"
    },
    {
      "Plate": "A.R.C. Laceration Plate Base",
      "Acid": "0",
      "Burn": "0",
      "Cold": "0",
      "Cut": "15",
      "Elect": "0",
      "Impact": "9",
      "Penet": "0",
      "Shrap": "0",
      "Stab": "5",
      "Durability": "925",
      "MaxTT": "15",
      "Decay": "0",
      "LimitType": "UL",
      "Type": "Plate"
    },
    {
      "Plate": "A.R.C. Laceration Plate Improved",
      "Acid": "0",
      "Burn": "0",
      "Cold": "0",
      "Cut": "21",
      "Elect": "0",
      "Impact": "11",
      "Penet": "0",
      "Shrap": "0",
      "Stab": "5",
      "Durability": "1800",
      "MaxTT": "40",
      "Decay": "0",
      "LimitType": "UL",
      "Type": "Plate"
    },
    {
      "Plate": "A.R.C. Laceration Plate Modified",
      "Acid": "0",
      "Burn": "0",
      "Cold": "0",
      "Cut": "25",
      "Elect": "0",
      "Impact": "11",
      "Penet": "0",
      "Shrap": "0",
      "Stab": "5",
      "Durability": "2200",
      "MaxTT": "50",
      "Decay": "0",
      "LimitType": "UL",
      "Type": "Plate"
    },
    {
      "Plate": "A.R.C. Laceration Plate Perfected",
      "Acid": "0",
      "Burn": "0",
      "Cold": "0",
      "Cut": "35",
      "Elect": "0",
      "Impact": "13",
      "Penet": "0",
      "Shrap": "0",
      "Stab": "5",
      "Durability": "3500",
      "MaxTT": "85",
      "Decay": "0",
      "LimitType": "UL",
      "Type": "Plate"
    },
    {
      "Plate": "Adjusted Imperium Plate",
      "Acid": "0",
      "Burn": "9",
      "Cold": "0",
      "Cut": "10",
      "Elect": "0",
      "Impact": "10",
      "Penet": "0",
      "Shrap": "0",
      "Stab": "4",
      "Durability": "1450",
      "MaxTT": "1",
      "Decay": "0",
      "LimitType": "UL",
      "Type": "Plate"
    },
    {
      "Plate": "AP-12 Acid (L)",
      "Acid": "12",
      "Burn": "0",
      "Cold": "0",
      "Cut": "0",
      "Elect": "0",
      "Impact": "0",
      "Penet": "0",
      "Shrap": "0",
      "Stab": "0",
      "Durability": "10500",
      "MaxTT": "12",
      "Decay": "0",
      "LimitType": "L",
      "Type": "Plate"
    },
    {
      "Plate": "AP-12 Burn (L)",
      "Acid": "0",
      "Burn": "12",
      "Cold": "0",
      "Cut": "0",
      "Elect": "0",
      "Impact": "0",
      "Penet": "0",
      "Shrap": "0",
      "Stab": "0",
      "Durability": "10500",
      "MaxTT": "12",
      "Decay": "0",
      "LimitType": "L",
      "Type": "Plate"
    },
    {
      "Plate": "AP-12 Cold (L)",
      "Acid": "0",
      "Burn": "0",
      "Cold": "12",
      "Cut": "0",
      "Elect": "0",
      "Impact": "0",
      "Penet": "0",
      "Shrap": "0",
      "Stab": "0",
      "Durability": "10500",
      "MaxTT": "12",
      "Decay": "0",
      "LimitType": "L",
      "Type": "Plate"
    },
    {
      "Plate": "AP-12 Cut (L)",
      "Acid": "0",
      "Burn": "0",
      "Cold": "0",
      "Cut": "12",
      "Elect": "0",
      "Impact": "0",
      "Penet": "0",
      "Shrap": "0",
      "Stab": "0",
      "Durability": "10500",
      "MaxTT": "12",
      "Decay": "0",
      "LimitType": "L",
      "Type": "Plate"
    },
    {
      "Plate": "AP-12 Electric (L)",
      "Acid": "0",
      "Burn": "0",
      "Cold": "0",
      "Cut": "0",
      "Elect": "12",
      "Impact": "0",
      "Penet": "0",
      "Shrap": "0",
      "Stab": "0",
      "Durability": "10500",
      "MaxTT": "12",
      "Decay": "0",
      "LimitType": "L",
      "Type": "Plate"
    },
    {
      "Plate": "AP-12 Impact (L)",
      "Acid": "0",
      "Burn": "0",
      "Cold": "0",
      "Cut": "0",
      "Elect": "0",
      "Impact": "12",
      "Penet": "0",
      "Shrap": "0",
      "Stab": "0",
      "Durability": "10500",
      "MaxTT": "12",
      "Decay": "0",
      "LimitType": "L",
      "Type": "Plate"
    },
    {
      "Plate": "AP-12 Penetration (L)",
      "Acid": "0",
      "Burn": "0",
      "Cold": "0",
      "Cut": "0",
      "Elect": "0",
      "Impact": "0",
      "Penet": "12",
      "Shrap": "0",
      "Stab": "0",
      "Durability": "10500",
      "MaxTT": "12",
      "Decay": "0",
      "LimitType": "L",
      "Type": "Plate"
    },
    {
      "Plate": "AP-12 Shrapnel (L)",
      "Acid": "0",
      "Burn": "0",
      "Cold": "0",
      "Cut": "0",
      "Elect": "0",
      "Impact": "0",
      "Penet": "0",
      "Shrap": "12",
      "Stab": "0",
      "Durability": "10500",
      "MaxTT": "12",
      "Decay": "0",
      "LimitType": "L",
      "Type": "Plate"
    },
    {
      "Plate": "AP-12 Stab (L)",
      "Acid": "0",
      "Burn": "0",
      "Cold": "0",
      "Cut": "0",
      "Elect": "0",
      "Impact": "0",
      "Penet": "0",
      "Shrap": "0",
      "Stab": "12",
      "Durability": "10500",
      "MaxTT": "12",
      "Decay": "0",
      "LimitType": "L",
      "Type": "Plate"
    },
    {
      "Plate": "AP-18 Acid (L)",
      "Acid": "18",
      "Burn": "0",
      "Cold": "0",
      "Cut": "0",
      "Elect": "0",
      "Impact": "0",
      "Penet": "0",
      "Shrap": "0",
      "Stab": "0",
      "Durability": "11000",
      "MaxTT": "18",
      "Decay": "0",
      "LimitType": "L",
      "Type": "Plate"
    },
    {
      "Plate": "AP-18 Burn (L)",
      "Acid": "0",
      "Burn": "18",
      "Cold": "0",
      "Cut": "0",
      "Elect": "0",
      "Impact": "0",
      "Penet": "0",
      "Shrap": "0",
      "Stab": "0",
      "Durability": "11000",
      "MaxTT": "18",
      "Decay": "0",
      "LimitType": "L",
      "Type": "Plate"
    },
    {
      "Plate": "AP-18 Cold (L)",
      "Acid": "0",
      "Burn": "0",
      "Cold": "18",
      "Cut": "0",
      "Elect": "0",
      "Impact": "0",
      "Penet": "0",
      "Shrap": "0",
      "Stab": "0",
      "Durability": "11000",
      "MaxTT": "18",
      "Decay": "0",
      "LimitType": "L",
      "Type": "Plate"
    },
    {
      "Plate": "AP-18 Cut (L)",
      "Acid": "0",
      "Burn": "0",
      "Cold": "0",
      "Cut": "18",
      "Elect": "0",
      "Impact": "0",
      "Penet": "0",
      "Shrap": "0",
      "Stab": "0",
      "Durability": "11000",
      "MaxTT": "18",
      "Decay": "0",
      "LimitType": "L",
      "Type": "Plate"
    },
    {
      "Plate": "AP-18 Electric (L)",
      "Acid": "0",
      "Burn": "0",
      "Cold": "0",
      "Cut": "0",
      "Elect": "18",
      "Impact": "0",
      "Penet": "0",
      "Shrap": "0",
      "Stab": "0",
      "Durability": "11000",
      "MaxTT": "18",
      "Decay": "0",
      "LimitType": "L",
      "Type": "Plate"
    },
    {
      "Plate": "AP-18 Impact (L)",
      "Acid": "0",
      "Burn": "0",
      "Cold": "0",
      "Cut": "0",
      "Elect": "0",
      "Impact": "18",
      "Penet": "0",
      "Shrap": "0",
      "Stab": "0",
      "Durability": "11000",
      "MaxTT": "18",
      "Decay": "0",
      "LimitType": "L",
      "Type": "Plate"
    },
    {
      "Plate": "AP-18 Penetration (L)",
      "Acid": "0",
      "Burn": "0",
      "Cold": "0",
      "Cut": "0",
      "Elect": "0",
      "Impact": "0",
      "Penet": "18",
      "Shrap": "0",
      "Stab": "0",
      "Durability": "11000",
      "MaxTT": "18",
      "Decay": "0",
      "LimitType": "L",
      "Type": "Plate"
    },
    {
      "Plate": "AP-18 Shrapnel (L)",
      "Acid": "0",
      "Burn": "0",
      "Cold": "0",
      "Cut": "0",
      "Elect": "0",
      "Impact": "0",
      "Penet": "0",
      "Shrap": "18",
      "Stab": "0",
      "Durability": "11000",
      "MaxTT": "18",
      "Decay": "0",
      "LimitType": "L",
      "Type": "Plate"
    },
    {
      "Plate": "AP-18 Stab (L)",
      "Acid": "0",
      "Burn": "0",
      "Cold": "0",
      "Cut": "0",
      "Elect": "0",
      "Impact": "0",
      "Penet": "0",
      "Shrap": "0",
      "Stab": "18",
      "Durability": "11000",
      "MaxTT": "18",
      "Decay": "0",
      "LimitType": "L",
      "Type": "Plate"
    },
    {
      "Plate": "AP-24 Acid (L)",
      "Acid": "24",
      "Burn": "0",
      "Cold": "0",
      "Cut": "0",
      "Elect": "0",
      "Impact": "0",
      "Penet": "0",
      "Shrap": "0",
      "Stab": "0",
      "Durability": "11500",
      "MaxTT": "24",
      "Decay": "0",
      "LimitType": "L",
      "Type": "Plate"
    },
    {
      "Plate": "AP-24 Burn (L)",
      "Acid": "0",
      "Burn": "24",
      "Cold": "0",
      "Cut": "0",
      "Elect": "0",
      "Impact": "0",
      "Penet": "0",
      "Shrap": "0",
      "Stab": "0",
      "Durability": "11500",
      "MaxTT": "24",
      "Decay": "0",
      "LimitType": "L",
      "Type": "Plate"
    },
    {
      "Plate": "AP-24 Cold (L)",
      "Acid": "0",
      "Burn": "0",
      "Cold": "24",
      "Cut": "0",
      "Elect": "0",
      "Impact": "0",
      "Penet": "0",
      "Shrap": "0",
      "Stab": "0",
      "Durability": "11500",
      "MaxTT": "24",
      "Decay": "0",
      "LimitType": "L",
      "Type": "Plate"
    },
    {
      "Plate": "AP-24 Cut (L)",
      "Acid": "0",
      "Burn": "0",
      "Cold": "0",
      "Cut": "24",
      "Elect": "0",
      "Impact": "0",
      "Penet": "0",
      "Shrap": "0",
      "Stab": "0",
      "Durability": "11500",
      "MaxTT": "24",
      "Decay": "0",
      "LimitType": "L",
      "Type": "Plate"
    },
    {
      "Plate": "AP-24 Electric (L)",
      "Acid": "0",
      "Burn": "0",
      "Cold": "0",
      "Cut": "0",
      "Elect": "24",
      "Impact": "0",
      "Penet": "0",
      "Shrap": "0",
      "Stab": "0",
      "Durability": "11500",
      "MaxTT": "24",
      "Decay": "0",
      "LimitType": "L",
      "Type": "Plate"
    },
    {
      "Plate": "AP-24 Impact (L)",
      "Acid": "0",
      "Burn": "0",
      "Cold": "0",
      "Cut": "0",
      "Elect": "0",
      "Impact": "24",
      "Penet": "0",
      "Shrap": "0",
      "Stab": "0",
      "Durability": "11500",
      "MaxTT": "24",
      "Decay": "0",
      "LimitType": "L",
      "Type": "Plate"
    },
    {
      "Plate": "AP-24 Penetration (L)",
      "Acid": "0",
      "Burn": "0",
      "Cold": "0",
      "Cut": "0",
      "Elect": "0",
      "Impact": "0",
      "Penet": "24",
      "Shrap": "0",
      "Stab": "0",
      "Durability": "11500",
      "MaxTT": "24",
      "Decay": "0",
      "LimitType": "L",
      "Type": "Plate"
    },
    {
      "Plate": "AP-24 Shrapnel (L)",
      "Acid": "0",
      "Burn": "0",
      "Cold": "0",
      "Cut": "0",
      "Elect": "0",
      "Impact": "0",
      "Penet": "0",
      "Shrap": "24",
      "Stab": "0",
      "Durability": "11500",
      "MaxTT": "24",
      "Decay": "0",
      "LimitType": "L",
      "Type": "Plate"
    },
    {
      "Plate": "AP-24 Stab (L)",
      "Acid": "0",
      "Burn": "0",
      "Cold": "0",
      "Cut": "0",
      "Elect": "0",
      "Impact": "0",
      "Penet": "0",
      "Shrap": "0",
      "Stab": "24",
      "Durability": "11500",
      "MaxTT": "24",
      "Decay": "0",
      "LimitType": "L",
      "Type": "Plate"
    },
    {
      "Plate": "AP-30 Acid (L)",
      "Acid": "30",
      "Burn": "0",
      "Cold": "0",
      "Cut": "0",
      "Elect": "0",
      "Impact": "0",
      "Penet": "0",
      "Shrap": "0",
      "Stab": "0",
      "Durability": "12000",
      "MaxTT": "30",
      "Decay": "0",
      "LimitType": "L",
      "Type": "Plate"
    },
    {
      "Plate": "AP-30 Burn (L)",
      "Acid": "0",
      "Burn": "30",
      "Cold": "0",
      "Cut": "0",
      "Elect": "0",
      "Impact": "0",
      "Penet": "0",
      "Shrap": "0",
      "Stab": "0",
      "Durability": "12000",
      "MaxTT": "30",
      "Decay": "0",
      "LimitType": "L",
      "Type": "Plate"
    },
    {
      "Plate": "AP-30 Cold (L)",
      "Acid": "0",
      "Burn": "0",
      "Cold": "30",
      "Cut": "0",
      "Elect": "0",
      "Impact": "0",
      "Penet": "0",
      "Shrap": "0",
      "Stab": "0",
      "Durability": "12000",
      "MaxTT": "30",
      "Decay": "0",
      "LimitType": "L",
      "Type": "Plate"
    },
    {
      "Plate": "AP-30 Cut (L)",
      "Acid": "0",
      "Burn": "0",
      "Cold": "0",
      "Cut": "30",
      "Elect": "0",
      "Impact": "0",
      "Penet": "0",
      "Shrap": "0",
      "Stab": "0",
      "Durability": "12000",
      "MaxTT": "30",
      "Decay": "0",
      "LimitType": "L",
      "Type": "Plate"
    },
    {
      "Plate": "AP-30 Electric (L)",
      "Acid": "0",
      "Burn": "0",
      "Cold": "0",
      "Cut": "0",
      "Elect": "30",
      "Impact": "0",
      "Penet": "0",
      "Shrap": "0",
      "Stab": "0",
      "Durability": "12000",
      "MaxTT": "30",
      "Decay": "0",
      "LimitType": "L",
      "Type": "Plate"
    },
    {
      "Plate": "AP-30 Impact (L)",
      "Acid": "0",
      "Burn": "0",
      "Cold": "0",
      "Cut": "0",
      "Elect": "0",
      "Impact": "30",
      "Penet": "0",
      "Shrap": "0",
      "Stab": "0",
      "Durability": "12000",
      "MaxTT": "30",
      "Decay": "0",
      "LimitType": "L",
      "Type": "Plate"
    },
    {
      "Plate": "AP-30 Penetration (L)",
      "Acid": "0",
      "Burn": "0",
      "Cold": "0",
      "Cut": "0",
      "Elect": "0",
      "Impact": "0",
      "Penet": "30",
      "Shrap": "0",
      "Stab": "0",
      "Durability": "12000",
      "MaxTT": "30",
      "Decay": "0",
      "LimitType": "L",
      "Type": "Plate"
    },
    {
      "Plate": "AP-30 Shrapnel (L)",
      "Acid": "0",
      "Burn": "0",
      "Cold": "0",
      "Cut": "0",
      "Elect": "0",
      "Impact": "0",
      "Penet": "0",
      "Shrap": "30",
      "Stab": "0",
      "Durability": "12000",
      "MaxTT": "30",
      "Decay": "0",
      "LimitType": "L",
      "Type": "Plate"
    },
    {
      "Plate": "AP-30 Stab (L)",
      "Acid": "0",
      "Burn": "0",
      "Cold": "0",
      "Cut": "0",
      "Elect": "0",
      "Impact": "0",
      "Penet": "0",
      "Shrap": "0",
      "Stab": "30",
      "Durability": "12000",
      "MaxTT": "30",
      "Decay": "0",
      "LimitType": "L",
      "Type": "Plate"
    },
    {
      "Plate": "AP-36 Acid (L)",
      "Acid": "36",
      "Burn": "0",
      "Cold": "0",
      "Cut": "0",
      "Elect": "0",
      "Impact": "0",
      "Penet": "0",
      "Shrap": "0",
      "Stab": "0",
      "Durability": "12500",
      "MaxTT": "36",
      "Decay": "0",
      "LimitType": "L",
      "Type": "Plate"
    },
    {
      "Plate": "AP-36 Burn (L)",
      "Acid": "0",
      "Burn": "36",
      "Cold": "0",
      "Cut": "0",
      "Elect": "0",
      "Impact": "0",
      "Penet": "0",
      "Shrap": "0",
      "Stab": "0",
      "Durability": "12500",
      "MaxTT": "36",
      "Decay": "0",
      "LimitType": "L",
      "Type": "Plate"
    },
    {
      "Plate": "AP-36 Cold (L)",
      "Acid": "0",
      "Burn": "0",
      "Cold": "36",
      "Cut": "0",
      "Elect": "0",
      "Impact": "0",
      "Penet": "0",
      "Shrap": "0",
      "Stab": "0",
      "Durability": "12500",
      "MaxTT": "36",
      "Decay": "0",
      "LimitType": "L",
      "Type": "Plate"
    },
    {
      "Plate": "AP-36 Cut (L)",
      "Acid": "0",
      "Burn": "0",
      "Cold": "0",
      "Cut": "36",
      "Elect": "0",
      "Impact": "0",
      "Penet": "0",
      "Shrap": "0",
      "Stab": "0",
      "Durability": "12500",
      "MaxTT": "36",
      "Decay": "0",
      "LimitType": "L",
      "Type": "Plate"
    },
    {
      "Plate": "AP-36 Electric (L)",
      "Acid": "0",
      "Burn": "0",
      "Cold": "0",
      "Cut": "0",
      "Elect": "36",
      "Impact": "0",
      "Penet": "0",
      "Shrap": "0",
      "Stab": "0",
      "Durability": "12500",
      "MaxTT": "36",
      "Decay": "0",
      "LimitType": "L",
      "Type": "Plate"
    },
    {
      "Plate": "AP-36 Impact (L)",
      "Acid": "0",
      "Burn": "0",
      "Cold": "0",
      "Cut": "0",
      "Elect": "0",
      "Impact": "36",
      "Penet": "0",
      "Shrap": "0",
      "Stab": "0",
      "Durability": "12500",
      "MaxTT": "36",
      "Decay": "0",
      "LimitType": "L",
      "Type": "Plate"
    },
    {
      "Plate": "AP-36 Penetration (L)",
      "Acid": "0",
      "Burn": "0",
      "Cold": "0",
      "Cut": "0",
      "Elect": "0",
      "Impact": "0",
      "Penet": "36",
      "Shrap": "0",
      "Stab": "0",
      "Durability": "12500",
      "MaxTT": "36",
      "Decay": "0",
      "LimitType": "L",
      "Type": "Plate"
    },
    {
      "Plate": "AP-36 Shrapnel (L)",
      "Acid": "0",
      "Burn": "0",
      "Cold": "0",
      "Cut": "0",
      "Elect": "0",
      "Impact": "0",
      "Penet": "0",
      "Shrap": "36",
      "Stab": "0",
      "Durability": "12500",
      "MaxTT": "36",
      "Decay": "0",
      "LimitType": "L",
      "Type": "Plate"
    },
    {
      "Plate": "AP-36 Stab (L)",
      "Acid": "0",
      "Burn": "0",
      "Cold": "0",
      "Cut": "0",
      "Elect": "0",
      "Impact": "0",
      "Penet": "0",
      "Shrap": "0",
      "Stab": "36",
      "Durability": "12500",
      "MaxTT": "36",
      "Decay": "0",
      "LimitType": "L",
      "Type": "Plate"
    },
    {
      "Plate": "AP-42 Acid (L)",
      "Acid": "42",
      "Burn": "0",
      "Cold": "0",
      "Cut": "0",
      "Elect": "0",
      "Impact": "0",
      "Penet": "0",
      "Shrap": "0",
      "Stab": "0",
      "Durability": "13000",
      "MaxTT": "42",
      "Decay": "0",
      "LimitType": "L",
      "Type": "Plate"
    },
    {
      "Plate": "AP-42 Burn (L)",
      "Acid": "0",
      "Burn": "42",
      "Cold": "0",
      "Cut": "0",
      "Elect": "0",
      "Impact": "0",
      "Penet": "0",
      "Shrap": "0",
      "Stab": "0",
      "Durability": "13000",
      "MaxTT": "42",
      "Decay": "0",
      "LimitType": "L",
      "Type": "Plate"
    },
    {
      "Plate": "AP-42 Cold (L)",
      "Acid": "0",
      "Burn": "0",
      "Cold": "42",
      "Cut": "0",
      "Elect": "0",
      "Impact": "0",
      "Penet": "0",
      "Shrap": "0",
      "Stab": "0",
      "Durability": "13000",
      "MaxTT": "42",
      "Decay": "0",
      "LimitType": "L",
      "Type": "Plate"
    },
    {
      "Plate": "AP-42 Cut (L)",
      "Acid": "0",
      "Burn": "0",
      "Cold": "0",
      "Cut": "42",
      "Elect": "0",
      "Impact": "0",
      "Penet": "0",
      "Shrap": "0",
      "Stab": "0",
      "Durability": "13000",
      "MaxTT": "42",
      "Decay": "0",
      "LimitType": "L",
      "Type": "Plate"
    },
    {
      "Plate": "AP-42 Electric (L)",
      "Acid": "0",
      "Burn": "0",
      "Cold": "0",
      "Cut": "0",
      "Elect": "42",
      "Impact": "0",
      "Penet": "0",
      "Shrap": "0",
      "Stab": "0",
      "Durability": "13000",
      "MaxTT": "42",
      "Decay": "0",
      "LimitType": "L",
      "Type": "Plate"
    },
    {
      "Plate": "AP-42 Impact (L)",
      "Acid": "0",
      "Burn": "0",
      "Cold": "0",
      "Cut": "0",
      "Elect": "0",
      "Impact": "42",
      "Penet": "0",
      "Shrap": "0",
      "Stab": "0",
      "Durability": "13000",
      "MaxTT": "42",
      "Decay": "0",
      "LimitType": "L",
      "Type": "Plate"
    },
    {
      "Plate": "AP-42 Penetration (L)",
      "Acid": "0",
      "Burn": "0",
      "Cold": "0",
      "Cut": "0",
      "Elect": "0",
      "Impact": "0",
      "Penet": "42",
      "Shrap": "0",
      "Stab": "0",
      "Durability": "13000",
      "MaxTT": "42",
      "Decay": "0",
      "LimitType": "L",
      "Type": "Plate"
    },
    {
      "Plate": "AP-42 Shrapnel (L)",
      "Acid": "0",
      "Burn": "0",
      "Cold": "0",
      "Cut": "0",
      "Elect": "0",
      "Impact": "0",
      "Penet": "0",
      "Shrap": "42",
      "Stab": "0",
      "Durability": "13000",
      "MaxTT": "42",
      "Decay": "0",
      "LimitType": "L",
      "Type": "Plate"
    },
    {
      "Plate": "AP-42 Stab (L)",
      "Acid": "0",
      "Burn": "0",
      "Cold": "0",
      "Cut": "0",
      "Elect": "0",
      "Impact": "0",
      "Penet": "0",
      "Shrap": "0",
      "Stab": "42",
      "Durability": "13000",
      "MaxTT": "42",
      "Decay": "0",
      "LimitType": "L",
      "Type": "Plate"
    },
    {
      "Plate": "AP-48 Acid (L)",
      "Acid": "48",
      "Burn": "0",
      "Cold": "0",
      "Cut": "0",
      "Elect": "0",
      "Impact": "0",
      "Penet": "0",
      "Shrap": "0",
      "Stab": "0",
      "Durability": "13500",
      "MaxTT": "48",
      "Decay": "0",
      "LimitType": "L",
      "Type": "Plate"
    },
    {
      "Plate": "AP-48 Burn (L)",
      "Acid": "0",
      "Burn": "48",
      "Cold": "0",
      "Cut": "0",
      "Elect": "0",
      "Impact": "0",
      "Penet": "0",
      "Shrap": "0",
      "Stab": "0",
      "Durability": "13500",
      "MaxTT": "48",
      "Decay": "0",
      "LimitType": "L",
      "Type": "Plate"
    },
    {
      "Plate": "AP-48 Cold (L)",
      "Acid": "0",
      "Burn": "0",
      "Cold": "48",
      "Cut": "0",
      "Elect": "0",
      "Impact": "0",
      "Penet": "0",
      "Shrap": "0",
      "Stab": "0",
      "Durability": "13500",
      "MaxTT": "48",
      "Decay": "0",
      "LimitType": "L",
      "Type": "Plate"
    },
    {
      "Plate": "AP-48 Cut (L)",
      "Acid": "0",
      "Burn": "0",
      "Cold": "0",
      "Cut": "48",
      "Elect": "0",
      "Impact": "0",
      "Penet": "0",
      "Shrap": "0",
      "Stab": "0",
      "Durability": "13500",
      "MaxTT": "48",
      "Decay": "0",
      "LimitType": "L",
      "Type": "Plate"
    },
    {
      "Plate": "AP-48 Electric (L)",
      "Acid": "0",
      "Burn": "0",
      "Cold": "0",
      "Cut": "0",
      "Elect": "48",
      "Impact": "0",
      "Penet": "0",
      "Shrap": "0",
      "Stab": "0",
      "Durability": "13500",
      "MaxTT": "48",
      "Decay": "0",
      "LimitType": "L",
      "Type": "Plate"
    },
    {
      "Plate": "AP-48 Impact (L)",
      "Acid": "0",
      "Burn": "0",
      "Cold": "0",
      "Cut": "0",
      "Elect": "0",
      "Impact": "48",
      "Penet": "0",
      "Shrap": "0",
      "Stab": "0",
      "Durability": "13500",
      "MaxTT": "48",
      "Decay": "0",
      "LimitType": "L",
      "Type": "Plate"
    },
    {
      "Plate": "AP-48 Penetration (L)",
      "Acid": "0",
      "Burn": "0",
      "Cold": "0",
      "Cut": "0",
      "Elect": "0",
      "Impact": "0",
      "Penet": "48",
      "Shrap": "0",
      "Stab": "0",
      "Durability": "13500",
      "MaxTT": "48",
      "Decay": "0",
      "LimitType": "L",
      "Type": "Plate"
    },
    {
      "Plate": "AP-48 Stab (L)",
      "Acid": "0",
      "Burn": "0",
      "Cold": "0",
      "Cut": "0",
      "Elect": "0",
      "Impact": "0",
      "Penet": "0",
      "Shrap": "0",
      "Stab": "48",
      "Durability": "13500",
      "MaxTT": "48",
      "Decay": "0",
      "LimitType": "L",
      "Type": "Plate"
    },
    {
      "Plate": "AP-54 Acid (L)",
      "Acid": "54",
      "Burn": "0",
      "Cold": "0",
      "Cut": "0",
      "Elect": "0",
      "Impact": "0",
      "Penet": "0",
      "Shrap": "0",
      "Stab": "0",
      "Durability": "14000",
      "MaxTT": "54",
      "Decay": "0",
      "LimitType": "L",
      "Type": "Plate"
    },
    {
      "Plate": "AP-54 Burn (L)",
      "Acid": "0",
      "Burn": "54",
      "Cold": "0",
      "Cut": "0",
      "Elect": "0",
      "Impact": "0",
      "Penet": "0",
      "Shrap": "0",
      "Stab": "0",
      "Durability": "14000",
      "MaxTT": "54",
      "Decay": "0",
      "LimitType": "L",
      "Type": "Plate"
    },
    {
      "Plate": "AP-54 Cold (L)",
      "Acid": "0",
      "Burn": "0",
      "Cold": "54",
      "Cut": "0",
      "Elect": "0",
      "Impact": "0",
      "Penet": "0",
      "Shrap": "0",
      "Stab": "0",
      "Durability": "14000",
      "MaxTT": "54",
      "Decay": "0",
      "LimitType": "L",
      "Type": "Plate"
    },
    {
      "Plate": "AP-54 Cut (L)",
      "Acid": "0",
      "Burn": "0",
      "Cold": "0",
      "Cut": "54",
      "Elect": "0",
      "Impact": "0",
      "Penet": "0",
      "Shrap": "0",
      "Stab": "0",
      "Durability": "14000",
      "MaxTT": "54",
      "Decay": "0",
      "LimitType": "L",
      "Type": "Plate"
    },
    {
      "Plate": "AP-54 Electric (L)",
      "Acid": "0",
      "Burn": "0",
      "Cold": "0",
      "Cut": "0",
      "Elect": "54",
      "Impact": "0",
      "Penet": "0",
      "Shrap": "0",
      "Stab": "0",
      "Durability": "14000",
      "MaxTT": "54",
      "Decay": "0",
      "LimitType": "L",
      "Type": "Plate"
    },
    {
      "Plate": "AP-54 Impact (L)",
      "Acid": "0",
      "Burn": "0",
      "Cold": "0",
      "Cut": "0",
      "Elect": "0",
      "Impact": "54",
      "Penet": "0",
      "Shrap": "0",
      "Stab": "0",
      "Durability": "14000",
      "MaxTT": "54",
      "Decay": "0",
      "LimitType": "L",
      "Type": "Plate"
    },
    {
      "Plate": "AP-54 Penetration (L)",
      "Acid": "0",
      "Burn": "0",
      "Cold": "0",
      "Cut": "0",
      "Elect": "0",
      "Impact": "0",
      "Penet": "54",
      "Shrap": "0",
      "Stab": "0",
      "Durability": "14000",
      "MaxTT": "54",
      "Decay": "0",
      "LimitType": "L",
      "Type": "Plate"
    },
    {
      "Plate": "AP-54 Stab (L)",
      "Acid": "0",
      "Burn": "0",
      "Cold": "0",
      "Cut": "0",
      "Elect": "0",
      "Impact": "0",
      "Penet": "0",
      "Shrap": "0",
      "Stab": "54",
      "Durability": "14000",
      "MaxTT": "54",
      "Decay": "0",
      "LimitType": "L",
      "Type": "Plate"
    },
    {
      "Plate": "AP-6 Acid (L)",
      "Acid": "6",
      "Burn": "0",
      "Cold": "0",
      "Cut": "0",
      "Elect": "0",
      "Impact": "0",
      "Penet": "0",
      "Shrap": "0",
      "Stab": "0",
      "Durability": "10000",
      "MaxTT": "6",
      "Decay": "0",
      "LimitType": "L",
      "Type": "Plate"
    },
    {
      "Plate": "AP-6 Burn (L)",
      "Acid": "0",
      "Burn": "6",
      "Cold": "0",
      "Cut": "0",
      "Elect": "0",
      "Impact": "0",
      "Penet": "0",
      "Shrap": "0",
      "Stab": "0",
      "Durability": "10000",
      "MaxTT": "6",
      "Decay": "0",
      "LimitType": "L",
      "Type": "Plate"
    },
    {
      "Plate": "AP-6 Cold (L)",
      "Acid": "0",
      "Burn": "0",
      "Cold": "6",
      "Cut": "0",
      "Elect": "0",
      "Impact": "0",
      "Penet": "0",
      "Shrap": "0",
      "Stab": "0",
      "Durability": "10000",
      "MaxTT": "6",
      "Decay": "0",
      "LimitType": "L",
      "Type": "Plate"
    },
    {
      "Plate": "AP-6 Cut (L)",
      "Acid": "0",
      "Burn": "0",
      "Cold": "0",
      "Cut": "6",
      "Elect": "0",
      "Impact": "0",
      "Penet": "0",
      "Shrap": "0",
      "Stab": "0",
      "Durability": "10000",
      "MaxTT": "6",
      "Decay": "0",
      "LimitType": "L",
      "Type": "Plate"
    },
    {
      "Plate": "AP-6 Electric (L)",
      "Acid": "0",
      "Burn": "0",
      "Cold": "0",
      "Cut": "0",
      "Elect": "6",
      "Impact": "0",
      "Penet": "0",
      "Shrap": "0",
      "Stab": "0",
      "Durability": "10000",
      "MaxTT": "6",
      "Decay": "0",
      "LimitType": "L",
      "Type": "Plate"
    },
    {
      "Plate": "AP-6 Impact (L)",
      "Acid": "0",
      "Burn": "0",
      "Cold": "0",
      "Cut": "0",
      "Elect": "0",
      "Impact": "6",
      "Penet": "0",
      "Shrap": "0",
      "Stab": "0",
      "Durability": "10000",
      "MaxTT": "6",
      "Decay": "0",
      "LimitType": "L",
      "Type": "Plate"
    },
    {
      "Plate": "AP-6 Penetration (L)",
      "Acid": "0",
      "Burn": "0",
      "Cold": "0",
      "Cut": "0",
      "Elect": "0",
      "Impact": "0",
      "Penet": "6",
      "Shrap": "0",
      "Stab": "0",
      "Durability": "10000",
      "MaxTT": "6",
      "Decay": "0",
      "LimitType": "L",
      "Type": "Plate"
    },
    {
      "Plate": "AP-6 Shrapnel (L)",
      "Acid": "0",
      "Burn": "0",
      "Cold": "0",
      "Cut": "0",
      "Elect": "0",
      "Impact": "0",
      "Penet": "0",
      "Shrap": "6",
      "Stab": "0",
      "Durability": "10000",
      "MaxTT": "6",
      "Decay": "0",
      "LimitType": "L",
      "Type": "Plate"
    },
    {
      "Plate": "AP-6 Stab (L)",
      "Acid": "0",
      "Burn": "0",
      "Cold": "0",
      "Cut": "0",
      "Elect": "0",
      "Impact": "0",
      "Penet": "0",
      "Shrap": "0",
      "Stab": "6",
      "Durability": "10000",
      "MaxTT": "6",
      "Decay": "0",
      "LimitType": "L",
      "Type": "Plate"
    },
    {
      "Plate": "AP-60 Acid (L)",
      "Acid": "60",
      "Burn": "0",
      "Cold": "0",
      "Cut": "0",
      "Elect": "0",
      "Impact": "0",
      "Penet": "0",
      "Shrap": "0",
      "Stab": "0",
      "Durability": "14500",
      "MaxTT": "60",
      "Decay": "0",
      "LimitType": "L",
      "Type": "Plate"
    },
    {
      "Plate": "AP-60 Burn (L)",
      "Acid": "0",
      "Burn": "60",
      "Cold": "0",
      "Cut": "0",
      "Elect": "0",
      "Impact": "0",
      "Penet": "0",
      "Shrap": "0",
      "Stab": "0",
      "Durability": "14500",
      "MaxTT": "60",
      "Decay": "0",
      "LimitType": "L",
      "Type": "Plate"
    },
    {
      "Plate": "AP-60 Cold (L)",
      "Acid": "0",
      "Burn": "0",
      "Cold": "60",
      "Cut": "0",
      "Elect": "0",
      "Impact": "0",
      "Penet": "0",
      "Shrap": "0",
      "Stab": "0",
      "Durability": "14500",
      "MaxTT": "60",
      "Decay": "0",
      "LimitType": "L",
      "Type": "Plate"
    },
    {
      "Plate": "AP-60 Cut (L)",
      "Acid": "0",
      "Burn": "0",
      "Cold": "0",
      "Cut": "60",
      "Elect": "0",
      "Impact": "0",
      "Penet": "0",
      "Shrap": "0",
      "Stab": "0",
      "Durability": "14500",
      "MaxTT": "60",
      "Decay": "0",
      "LimitType": "L",
      "Type": "Plate"
    },
    {
      "Plate": "AP-60 Electric (L)",
      "Acid": "0",
      "Burn": "0",
      "Cold": "0",
      "Cut": "0",
      "Elect": "60",
      "Impact": "0",
      "Penet": "0",
      "Shrap": "0",
      "Stab": "0",
      "Durability": "14500",
      "MaxTT": "60",
      "Decay": "0",
      "LimitType": "L",
      "Type": "Plate"
    },
    {
      "Plate": "AP-60 Impact (L)",
      "Acid": "0",
      "Burn": "0",
      "Cold": "0",
      "Cut": "0",
      "Elect": "0",
      "Impact": "60",
      "Penet": "0",
      "Shrap": "0",
      "Stab": "0",
      "Durability": "14500",
      "MaxTT": "60",
      "Decay": "0",
      "LimitType": "L",
      "Type": "Plate"
    },
    {
      "Plate": "AP-60 Penetration (L)",
      "Acid": "0",
      "Burn": "0",
      "Cold": "0",
      "Cut": "0",
      "Elect": "0",
      "Impact": "0",
      "Penet": "60",
      "Shrap": "0",
      "Stab": "0",
      "Durability": "14500",
      "MaxTT": "60",
      "Decay": "0",
      "LimitType": "L",
      "Type": "Plate"
    },
    {
      "Plate": "AP-60 Stab (L)",
      "Acid": "0",
      "Burn": "0",
      "Cold": "0",
      "Cut": "0",
      "Elect": "0",
      "Impact": "0",
      "Penet": "0",
      "Shrap": "0",
      "Stab": "60",
      "Durability": "14500",
      "MaxTT": "60",
      "Decay": "0",
      "LimitType": "L",
      "Type": "Plate"
    },
    {
      "Plate": "AP-66 Acid (L)",
      "Acid": "66",
      "Burn": "0",
      "Cold": "0",
      "Cut": "0",
      "Elect": "0",
      "Impact": "0",
      "Penet": "0",
      "Shrap": "0",
      "Stab": "0",
      "Durability": "15000",
      "MaxTT": "66",
      "Decay": "0",
      "LimitType": "L",
      "Type": "Plate"
    },
    {
      "Plate": "AP-66 Burn (L)",
      "Acid": "0",
      "Burn": "66",
      "Cold": "0",
      "Cut": "0",
      "Elect": "0",
      "Impact": "0",
      "Penet": "0",
      "Shrap": "0",
      "Stab": "0",
      "Durability": "15000",
      "MaxTT": "66",
      "Decay": "0",
      "LimitType": "L",
      "Type": "Plate"
    },
    {
      "Plate": "AP-66 Cold (L)",
      "Acid": "0",
      "Burn": "0",
      "Cold": "66",
      "Cut": "0",
      "Elect": "0",
      "Impact": "0",
      "Penet": "0",
      "Shrap": "0",
      "Stab": "0",
      "Durability": "15000",
      "MaxTT": "66",
      "Decay": "0",
      "LimitType": "L",
      "Type": "Plate"
    },
    {
      "Plate": "AP-66 Cut (L)",
      "Acid": "0",
      "Burn": "0",
      "Cold": "0",
      "Cut": "66",
      "Elect": "0",
      "Impact": "0",
      "Penet": "0",
      "Shrap": "0",
      "Stab": "0",
      "Durability": "15000",
      "MaxTT": "66",
      "Decay": "0",
      "LimitType": "L",
      "Type": "Plate"
    },
    {
      "Plate": "AP-66 Electric (L)",
      "Acid": "0",
      "Burn": "0",
      "Cold": "0",
      "Cut": "0",
      "Elect": "66",
      "Impact": "0",
      "Penet": "0",
      "Shrap": "0",
      "Stab": "0",
      "Durability": "15000",
      "MaxTT": "66",
      "Decay": "0",
      "LimitType": "L",
      "Type": "Plate"
    },
    {
      "Plate": "AP-66 Impact (L)",
      "Acid": "0",
      "Burn": "0",
      "Cold": "0",
      "Cut": "0",
      "Elect": "0",
      "Impact": "66",
      "Penet": "0",
      "Shrap": "0",
      "Stab": "0",
      "Durability": "15000",
      "MaxTT": "66",
      "Decay": "0",
      "LimitType": "L",
      "Type": "Plate"
    },
    {
      "Plate": "AP-66 Penetration (L)",
      "Acid": "0",
      "Burn": "0",
      "Cold": "0",
      "Cut": "0",
      "Elect": "0",
      "Impact": "0",
      "Penet": "66",
      "Shrap": "0",
      "Stab": "0",
      "Durability": "15000",
      "MaxTT": "66",
      "Decay": "0",
      "LimitType": "L",
      "Type": "Plate"
    },
    {
      "Plate": "AP-66 Shrapnel (L)",
      "Acid": "0",
      "Burn": "0",
      "Cold": "0",
      "Cut": "0",
      "Elect": "0",
      "Impact": "0",
      "Penet": "0",
      "Shrap": "66",
      "Stab": "0",
      "Durability": "15000",
      "MaxTT": "66",
      "Decay": "0",
      "LimitType": "L",
      "Type": "Plate"
    },
    {
      "Plate": "AP-66 Stab (L)",
      "Acid": "0",
      "Burn": "0",
      "Cold": "0",
      "Cut": "0",
      "Elect": "0",
      "Impact": "0",
      "Penet": "0",
      "Shrap": "0",
      "Stab": "66",
      "Durability": "15000",
      "MaxTT": "66",
      "Decay": "0",
      "LimitType": "L",
      "Type": "Plate"
    },
    {
      "Plate": "Armor Plate Acid (L)",
      "Acid": "12",
      "Burn": "0",
      "Cold": "0",
      "Cut": "7",
      "Elect": "0",
      "Impact": "7",
      "Penet": "0",
      "Shrap": "0",
      "Stab": "6",
      "Durability": "13000",
      "MaxTT": "30",
      "Decay": "0",
      "LimitType": "L",
      "Type": "Plate"
    },
    {
      "Plate": "Armor Plate Arctic (L)",
      "Acid": "0",
      "Burn": "0",
      "Cold": "12",
      "Cut": "7",
      "Elect": "0",
      "Impact": "7",
      "Penet": "0",
      "Shrap": "0",
      "Stab": "6",
      "Durability": "13000",
      "MaxTT": "30",
      "Decay": "0",
      "LimitType": "L",
      "Type": "Plate"
    },
    {
      "Plate": "Armor Plate Ignis (L)",
      "Acid": "0",
      "Burn": "12",
      "Cold": "0",
      "Cut": "7",
      "Elect": "0",
      "Impact": "7",
      "Penet": "0",
      "Shrap": "0",
      "Stab": "6",
      "Durability": "13000",
      "MaxTT": "30",
      "Decay": "0",
      "LimitType": "L",
      "Type": "Plate"
    },
    {
      "Plate": "Armor Plate Tempest (L)",
      "Acid": "0",
      "Burn": "0",
      "Cold": "0",
      "Cut": "7",
      "Elect": "12",
      "Impact": "7",
      "Penet": "0",
      "Shrap": "0",
      "Stab": "6",
      "Durability": "13000",
      "MaxTT": "30",
      "Decay": "0",
      "LimitType": "L",
      "Type": "Plate"
    },
    {
      "Plate": "Armor Plating Mk. 10A, TEN Edition",
      "Acid": "0",
      "Burn": "36",
      "Cold": "0",
      "Cut": "0",
      "Elect": "0",
      "Impact": "8",
      "Penet": "12",
      "Shrap": "6",
      "Stab": "0",
      "Durability": "3160",
      "MaxTT": "50",
      "Decay": "0",
      "LimitType": "UL",
      "Type": "Plate"
    },
    {
      "Plate": "Armor Plating Mk. 10B, TEN Edition",
      "Acid": "0",
      "Burn": "0",
      "Cold": "34",
      "Cut": "10",
      "Elect": "0",
      "Impact": "14",
      "Penet": "4",
      "Shrap": "0",
      "Stab": "0",
      "Durability": "3160",
      "MaxTT": "50",
      "Decay": "0",
      "LimitType": "UL",
      "Type": "Plate"
    },
    {
      "Plate": "Armor Plating Mk. 10C, TEN Edition",
      "Acid": "0",
      "Burn": "14",
      "Cold": "0",
      "Cut": "0",
      "Elect": "0",
      "Impact": "9",
      "Penet": "0",
      "Shrap": "39",
      "Stab": "0",
      "Durability": "3160",
      "MaxTT": "50",
      "Decay": "0",
      "LimitType": "UL",
      "Type": "Plate"
    },
    {
      "Plate": "Armor Plating Mk. 10C, TEN Edition (L)",
      "Acid": "0",
      "Burn": "14",
      "Cold": "0",
      "Cut": "0",
      "Elect": "0",
      "Impact": "9",
      "Penet": "0",
      "Shrap": "39",
      "Stab": "0",
      "Durability": "14320",
      "MaxTT": "25",
      "Decay": "0",
      "LimitType": "L",
      "Type": "Plate"
    },
    {
      "Plate": "Armor Plating Mk. 1A",
      "Acid": "0",
      "Burn": "1",
      "Cold": "0",
      "Cut": "0",
      "Elect": "0",
      "Impact": "4",
      "Penet": "1",
      "Shrap": "0",
      "Stab": "0",
      "Durability": "400",
      "MaxTT": "3.2",
      "Decay": "0",
      "LimitType": "UL",
      "Type": "Plate"
    },
    {
      "Plate": "Armor Plating Mk. 1B",
      "Acid": "0",
      "Burn": "2",
      "Cold": "0",
      "Cut": "0",
      "Elect": "0",
      "Impact": "0",
      "Penet": "3",
      "Shrap": "0",
      "Stab": "0",
      "Durability": "450",
      "MaxTT": "3.9",
      "Decay": "0",
      "LimitType": "UL",
      "Type": "Plate"
    },
    {
      "Plate": "Armor Plating Mk. 1C",
      "Acid": "0",
      "Burn": "0",
      "Cold": "0",
      "Cut": "0",
      "Elect": "5",
      "Impact": "4",
      "Penet": "0",
      "Shrap": "0",
      "Stab": "0",
      "Durability": "600",
      "MaxTT": "4.1",
      "Decay": "0",
      "LimitType": "UL",
      "Type": "Plate"
    },
    {
      "Plate": "Armor Plating Mk. 1D (L)",
      "Acid": "0",
      "Burn": "2",
      "Cold": "0",
      "Cut": "3",
      "Elect": "0",
      "Impact": "5",
      "Penet": "0",
      "Shrap": "0",
      "Stab": "1",
      "Durability": "11200",
      "MaxTT": "12.1",
      "Decay": "0",
      "LimitType": "L",
      "Type": "Plate"
    },
    {
      "Plate": "Armor Plating Mk. 2A",
      "Acid": "0",
      "Burn": "1",
      "Cold": "0",
      "Cut": "3",
      "Elect": "0",
      "Impact": "5",
      "Penet": "0",
      "Shrap": "0",
      "Stab": "0",
      "Durability": "600",
      "MaxTT": "4.9",
      "Decay": "0",
      "LimitType": "UL",
      "Type": "Plate"
    },
    {
      "Plate": "Armor Plating Mk. 2B",
      "Acid": "0",
      "Burn": "5",
      "Cold": "0",
      "Cut": "1",
      "Elect": "0",
      "Impact": "3",
      "Penet": "0",
      "Shrap": "0",
      "Stab": "0",
      "Durability": "1200",
      "MaxTT": "9.7",
      "Decay": "0",
      "LimitType": "UL",
      "Type": "Plate"
    },
    {
      "Plate": "Armor Plating Mk. 2C",
      "Acid": "5",
      "Burn": "0",
      "Cold": "0",
      "Cut": "2",
      "Elect": "0",
      "Impact": "3",
      "Penet": "0",
      "Shrap": "0",
      "Stab": "0",
      "Durability": "900",
      "MaxTT": "8.2",
      "Decay": "0",
      "LimitType": "UL",
      "Type": "Plate"
    },
    {
      "Plate": "Armor Plating Mk. 2D (L)",
      "Acid": "2",
      "Burn": "2",
      "Cold": "0",
      "Cut": "4",
      "Elect": "0",
      "Impact": "9",
      "Penet": "0",
      "Shrap": "0",
      "Stab": "3",
      "Durability": "11990",
      "MaxTT": "20.1",
      "Decay": "0",
      "LimitType": "L",
      "Type": "Plate"
    },
    {
      "Plate": "Armor Plating Mk. 2E (L)",
      "Acid": "22",
      "Burn": "0",
      "Cold": "0",
      "Cut": "0",
      "Elect": "0",
      "Impact": "6",
      "Penet": "3",
      "Shrap": "0",
      "Stab": "0",
      "Durability": "13200",
      "MaxTT": "41",
      "Decay": "0",
      "LimitType": "L",
      "Type": "Plate"
    },
    {
      "Plate": "Armor Plating Mk. 3A",
      "Acid": "0",
      "Burn": "1",
      "Cold": "0",
      "Cut": "4",
      "Elect": "0",
      "Impact": "5",
      "Penet": "0",
      "Shrap": "0",
      "Stab": "0",
      "Durability": "1900",
      "MaxTT": "11.3",
      "Decay": "0",
      "LimitType": "UL",
      "Type": "Plate"
    },
    {
      "Plate": "Armor Plating Mk. 3B",
      "Acid": "0",
      "Burn": "3",
      "Cold": "0",
      "Cut": "0",
      "Elect": "0",
      "Impact": "2",
      "Penet": "8",
      "Shrap": "0",
      "Stab": "0",
      "Durability": "1300",
      "MaxTT": "12.9",
      "Decay": "0",
      "LimitType": "UL",
      "Type": "Plate"
    },
    {
      "Plate": "Armor Plating Mk. 3E (L)",
      "Acid": "0",
      "Burn": "24",
      "Cold": "0",
      "Cut": "5",
      "Elect": "0",
      "Impact": "0",
      "Penet": "0",
      "Shrap": "0",
      "Stab": "4",
      "Durability": "13500",
      "MaxTT": "46",
      "Decay": "0",
      "LimitType": "L",
      "Type": "Plate"
    },
    {
      "Plate": "Armor Plating Mk. 4A",
      "Acid": "4",
      "Burn": "0",
      "Cold": "0",
      "Cut": "5",
      "Elect": "0",
      "Impact": "6",
      "Penet": "0",
      "Shrap": "0",
      "Stab": "2",
      "Durability": "1700",
      "MaxTT": "19.5",
      "Decay": "0",
      "LimitType": "UL",
      "Type": "Plate"
    },
    {
      "Plate": "Armor Plating Mk. 4B",
      "Acid": "2",
      "Burn": "4",
      "Cold": "2",
      "Cut": "2",
      "Elect": "2",
      "Impact": "3",
      "Penet": "3",
      "Shrap": "2",
      "Stab": "2",
      "Durability": "1800",
      "MaxTT": "17.3",
      "Decay": "0",
      "LimitType": "UL",
      "Type": "Plate"
    },
    {
      "Plate": "Armor Plating Mk. 4C",
      "Acid": "0",
      "Burn": "0",
      "Cold": "0",
      "Cut": "0",
      "Elect": "9",
      "Impact": "3",
      "Penet": "0",
      "Shrap": "0",
      "Stab": "0",
      "Durability": "2600",
      "MaxTT": "19.4",
      "Decay": "0",
      "LimitType": "UL",
      "Type": "Plate"
    },
    {
      "Plate": "Armor Plating Mk. 4D (L)",
      "Acid": "6",
      "Burn": "0",
      "Cold": "7",
      "Cut": "0",
      "Elect": "8",
      "Impact": "2",
      "Penet": "0",
      "Shrap": "0",
      "Stab": "0",
      "Durability": "13150",
      "MaxTT": "29.9",
      "Decay": "0",
      "LimitType": "L",
      "Type": "Plate"
    },
    {
      "Plate": "Armor Plating Mk. 4E (L)",
      "Acid": "0",
      "Burn": "0",
      "Cold": "26",
      "Cut": "7",
      "Elect": "0",
      "Impact": "0",
      "Penet": "2",
      "Shrap": "0",
      "Stab": "0",
      "Durability": "14200",
      "MaxTT": "48",
      "Decay": "0",
      "LimitType": "L",
      "Type": "Plate"
    },
    {
      "Plate": "Armor Plating Mk. 5A",
      "Acid": "0",
      "Burn": "0",
      "Cold": "0",
      "Cut": "4",
      "Elect": "0",
      "Impact": "7",
      "Penet": "0",
      "Shrap": "0",
      "Stab": "0",
      "Durability": "3100",
      "MaxTT": "24.3",
      "Decay": "0",
      "LimitType": "UL",
      "Type": "Plate"
    },
    {
      "Plate": "Armor Plating Mk. 5B",
      "Acid": "0",
      "Burn": "0",
      "Cold": "0",
      "Cut": "9",
      "Elect": "0",
      "Impact": "12",
      "Penet": "0",
      "Shrap": "0",
      "Stab": "8",
      "Durability": "900",
      "MaxTT": "31.1",
      "Decay": "0.01343",
      "LimitType": "UL",
      "Type": "Plate"
    },
    {
      "Plate": "Armor Plating Mk. 5B, Adjusted",
      "Acid": "0",
      "Burn": "0",
      "Cold": "0",
      "Cut": "10",
      "Elect": "0",
      "Impact": "14",
      "Penet": "0",
      "Shrap": "0",
      "Stab": "9",
      "Durability": "1400",
      "MaxTT": "42",
      "Decay": "0",
      "LimitType": "L",
      "Type": "Plate"
    },
    {
      "Plate": "Armor Plating Mk. 5B, Augmented",
      "Acid": "0",
      "Burn": "0",
      "Cold": "0",
      "Cut": "15",
      "Elect": "0",
      "Impact": "18",
      "Penet": "0",
      "Shrap": "0",
      "Stab": "14",
      "Durability": "2600",
      "MaxTT": "64",
      "Decay": "0",
      "LimitType": "L",
      "Type": "Plate"
    },
    {
      "Plate": "Armor Plating Mk. 5B, Improved",
      "Acid": "0",
      "Burn": "0",
      "Cold": "0",
      "Cut": "12",
      "Elect": "0",
      "Impact": "15",
      "Penet": "0",
      "Shrap": "0",
      "Stab": "10",
      "Durability": "1800",
      "MaxTT": "53",
      "Decay": "0",
      "LimitType": "L",
      "Type": "Plate"
    },
    {
      "Plate": "Armor Plating Mk. 5B, Mentor Edition",
      "Acid": "0",
      "Burn": "0",
      "Cold": "0",
      "Cut": "10",
      "Elect": "0",
      "Impact": "13",
      "Penet": "0",
      "Shrap": "0",
      "Stab": "9",
      "Durability": "1000",
      "MaxTT": "31.1",
      "Decay": "0",
      "LimitType": "L",
      "Type": "Plate"
    },
    {
      "Plate": "Armor Plating Mk. 5B, Modified",
      "Acid": "0",
      "Burn": "0",
      "Cold": "0",
      "Cut": "13",
      "Elect": "0",
      "Impact": "16",
      "Penet": "0",
      "Shrap": "0",
      "Stab": "12",
      "Durability": "2200",
      "MaxTT": "64",
      "Decay": "0",
      "LimitType": "L",
      "Type": "Plate"
    },
    {
      "Plate": "Armor Plating Mk. 5B, Perfected",
      "Acid": "0",
      "Burn": "0",
      "Cold": "0",
      "Cut": "17",
      "Elect": "0",
      "Impact": "20",
      "Penet": "0",
      "Shrap": "0",
      "Stab": "16",
      "Durability": "3000",
      "MaxTT": "64",
      "Decay": "0",
      "LimitType": "L",
      "Type": "Plate"
    },
    {
      "Plate": "Armor Plating Mk. 5B, Perfected (L)",
      "Acid": "0",
      "Burn": "0",
      "Cold": "0",
      "Cut": "17",
      "Elect": "0",
      "Impact": "20",
      "Penet": "0",
      "Shrap": "0",
      "Stab": "16",
      "Durability": "15000",
      "MaxTT": "128",
      "Decay": "0",
      "LimitType": "L",
      "Type": "Plate"
    },
    {
      "Plate": "Armor Plating Mk. 5B, TWEN Edition",
      "Acid": "0",
      "Burn": "0",
      "Cold": "0",
      "Cut": "11",
      "Elect": "0",
      "Impact": "14",
      "Penet": "0",
      "Shrap": "0",
      "Stab": "10",
      "Durability": "2900",
      "MaxTT": "40",
      "Decay": "0",
      "LimitType": "L",
      "Type": "Plate"
    },
    {
      "Plate": "Armor Plating Mk. 5C",
      "Acid": "0",
      "Burn": "9",
      "Cold": "0",
      "Cut": "0",
      "Elect": "0",
      "Impact": "0",
      "Penet": "8",
      "Shrap": "0",
      "Stab": "0",
      "Durability": "1600",
      "MaxTT": "25.8",
      "Decay": "0",
      "LimitType": "UL",
      "Type": "Plate"
    },
    {
      "Plate": "Armor Plating Mk. 5D",
      "Acid": "6",
      "Burn": "0",
      "Cold": "12",
      "Cut": "2",
      "Elect": "0",
      "Impact": "0",
      "Penet": "4",
      "Shrap": "0",
      "Stab": "2",
      "Durability": "1900",
      "MaxTT": "23.2",
      "Decay": "0.00263",
      "LimitType": "UL",
      "Type": "Plate"
    },
    {
      "Plate": "Armor Plating Mk. 5D, TWEN Edition",
      "Acid": "8",
      "Burn": "0",
      "Cold": "14",
      "Cut": "4",
      "Elect": "0",
      "Impact": "0",
      "Penet": "6",
      "Shrap": "0",
      "Stab": "4",
      "Durability": "3900",
      "MaxTT": "40",
      "Decay": "0",
      "LimitType": "UL",
      "Type": "Plate"
    },
    {
      "Plate": "Armor Plating Mk. 5E (L)",
      "Acid": "0",
      "Burn": "0",
      "Cold": "0",
      "Cut": "0",
      "Elect": "23",
      "Impact": "4",
      "Penet": "0",
      "Shrap": "5",
      "Stab": "0",
      "Durability": "14400",
      "MaxTT": "51",
      "Decay": "0",
      "LimitType": "L",
      "Type": "Plate"
    },
    {
      "Plate": "Armor Plating Mk. 6A",
      "Acid": "0",
      "Burn": "12",
      "Cold": "0",
      "Cut": "0",
      "Elect": "0",
      "Impact": "0",
      "Penet": "11",
      "Shrap": "0",
      "Stab": "0",
      "Durability": "1400",
      "MaxTT": "25",
      "Decay": "0.01071",
      "LimitType": "UL",
      "Type": "Plate"
    },
    {
      "Plate": "Armor Plating Mk. 6A, Adjusted",
      "Acid": "0",
      "Burn": "14",
      "Cold": "0",
      "Cut": "0",
      "Elect": "0",
      "Impact": "0",
      "Penet": "13",
      "Shrap": "0",
      "Stab": "0",
      "Durability": "2100",
      "MaxTT": "36",
      "Decay": "0",
      "LimitType": "UL",
      "Type": "Plate"
    },
    {
      "Plate": "Armor Plating Mk. 6A, Improved",
      "Acid": "0",
      "Burn": "16",
      "Cold": "0",
      "Cut": "0",
      "Elect": "0",
      "Impact": "0",
      "Penet": "15",
      "Shrap": "0",
      "Stab": "0",
      "Durability": "2800",
      "MaxTT": "47",
      "Decay": "0",
      "LimitType": "UL",
      "Type": "Plate"
    },
    {
      "Plate": "Armor Plating Mk. 6A, Mentor Edition",
      "Acid": "0",
      "Burn": "14",
      "Cold": "0",
      "Cut": "0",
      "Elect": "0",
      "Impact": "0",
      "Penet": "12",
      "Shrap": "0",
      "Stab": "0",
      "Durability": "1500",
      "MaxTT": "28.3",
      "Decay": "0",
      "LimitType": "UL",
      "Type": "Plate"
    },
    {
      "Plate": "Armor Plating Mk. 6A, Modified",
      "Acid": "0",
      "Burn": "18",
      "Cold": "0",
      "Cut": "0",
      "Elect": "0",
      "Impact": "0",
      "Penet": "17",
      "Shrap": "0",
      "Stab": "0",
      "Durability": "3500",
      "MaxTT": "58",
      "Decay": "0",
      "LimitType": "UL",
      "Type": "Plate"
    },
    {
      "Plate": "Armor Plating Mk. 6A, TWEN Edition",
      "Acid": "0",
      "Burn": "15",
      "Cold": "0",
      "Cut": "0",
      "Elect": "0",
      "Impact": "0",
      "Penet": "14",
      "Shrap": "0",
      "Stab": "0",
      "Durability": "3400",
      "MaxTT": "40",
      "Decay": "0",
      "LimitType": "UL",
      "Type": "Plate"
    },
    {
      "Plate": "Armor Plating Mk. 6B",
      "Acid": "0",
      "Burn": "0",
      "Cold": "0",
      "Cut": "0",
      "Elect": "12",
      "Impact": "5",
      "Penet": "0",
      "Shrap": "0",
      "Stab": "0",
      "Durability": "1750",
      "MaxTT": "26",
      "Decay": "0.00554",
      "LimitType": "UL",
      "Type": "Plate"
    },
    {
      "Plate": "Armor Plating Mk. 6C (L)",
      "Acid": "13",
      "Burn": "0",
      "Cold": "0",
      "Cut": "0",
      "Elect": "0",
      "Impact": "5",
      "Penet": "0",
      "Shrap": "0",
      "Stab": "0",
      "Durability": "13450",
      "MaxTT": "30.2",
      "Decay": "0",
      "LimitType": "L",
      "Type": "Plate"
    },
    {
      "Plate": "Armor Plating Mk. 7A (L)",
      "Acid": "0",
      "Burn": "14",
      "Cold": "0",
      "Cut": "3",
      "Elect": "0",
      "Impact": "2",
      "Penet": "13",
      "Shrap": "0",
      "Stab": "0",
      "Durability": "12400",
      "MaxTT": "41.8",
      "Decay": "0",
      "LimitType": "L",
      "Type": "Plate"
    },
    {
      "Plate": "Armor Plating Mk. 7A, SGA Edition",
      "Acid": "0",
      "Burn": "16",
      "Cold": "0",
      "Cut": "3",
      "Elect": "0",
      "Impact": "2",
      "Penet": "15",
      "Shrap": "0",
      "Stab": "0",
      "Durability": "2400",
      "MaxTT": "41.8",
      "Decay": "0",
      "LimitType": "UL",
      "Type": "Plate"
    },
    {
      "Plate": "Armor Plating Mk. 8A (L)",
      "Acid": "0",
      "Burn": "2",
      "Cold": "0",
      "Cut": "11",
      "Elect": "0",
      "Impact": "13",
      "Penet": "0",
      "Shrap": "0",
      "Stab": "8",
      "Durability": "12990",
      "MaxTT": "45",
      "Decay": "0",
      "LimitType": "L",
      "Type": "Plate"
    },
    {
      "Plate": "Armor Plating Mk. 8A, FEN Edition (L)",
      "Acid": "0",
      "Burn": "5",
      "Cold": "0",
      "Cut": "15",
      "Elect": "0",
      "Impact": "15",
      "Penet": "0",
      "Shrap": "0",
      "Stab": "15",
      "Durability": "15000",
      "MaxTT": "55",
      "Decay": "0",
      "LimitType": "L",
      "Type": "Plate"
    },
    {
      "Plate": "Armor Plating Mk. 8A, SGA Edition",
      "Acid": "0",
      "Burn": "2",
      "Cold": "0",
      "Cut": "13",
      "Elect": "0",
      "Impact": "15",
      "Penet": "0",
      "Shrap": "0",
      "Stab": "8",
      "Durability": "2990",
      "MaxTT": "45",
      "Decay": "0",
      "LimitType": "UL",
      "Type": "Plate"
    },
    {
      "Plate": "Augmented Imperium Plate",
      "Acid": "0",
      "Burn": "17",
      "Cold": "0",
      "Cut": "17",
      "Elect": "0",
      "Impact": "20",
      "Penet": "0",
      "Shrap": "0",
      "Stab": "7",
      "Durability": "2400",
      "MaxTT": "1",
      "Decay": "0",
      "LimitType": "UL",
      "Type": "Plate"
    },
    {
      "Plate": "CDF Armor Plate Acidum I (L)",
      "Acid": "32",
      "Burn": "0",
      "Cold": "0",
      "Cut": "0",
      "Elect": "0",
      "Impact": "0",
      "Penet": "0",
      "Shrap": "0",
      "Stab": "0",
      "Durability": "18000",
      "MaxTT": "30",
      "Decay": "0",
      "LimitType": "L",
      "Type": "Plate"
    },
    {
      "Plate": "CDF Armor Plate Acidum II (L)",
      "Acid": "36",
      "Burn": "0",
      "Cold": "0",
      "Cut": "0",
      "Elect": "0",
      "Impact": "10",
      "Penet": "0",
      "Shrap": "0",
      "Stab": "0",
      "Durability": "18000",
      "MaxTT": "30",
      "Decay": "0",
      "LimitType": "L",
      "Type": "Plate"
    },
    {
      "Plate": "CDF Armor Plate Calidus I (L)",
      "Acid": "0",
      "Burn": "32",
      "Cold": "0",
      "Cut": "0",
      "Elect": "0",
      "Impact": "0",
      "Penet": "0",
      "Shrap": "0",
      "Stab": "0",
      "Durability": "18000",
      "MaxTT": "30",
      "Decay": "0",
      "LimitType": "L",
      "Type": "Plate"
    },
    {
      "Plate": "CDF Armor Plate Calidus II (L)",
      "Acid": "0",
      "Burn": "44",
      "Cold": "0",
      "Cut": "0",
      "Elect": "0",
      "Impact": "0",
      "Penet": "0",
      "Shrap": "0",
      "Stab": "0",
      "Durability": "18000",
      "MaxTT": "50",
      "Decay": "0",
      "LimitType": "L",
      "Type": "Plate"
    },
    {
      "Plate": "CDF Armor Plate Frigus I (L)",
      "Acid": "0",
      "Burn": "0",
      "Cold": "32",
      "Cut": "0",
      "Elect": "0",
      "Impact": "0",
      "Penet": "0",
      "Shrap": "0",
      "Stab": "0",
      "Durability": "18000",
      "MaxTT": "30",
      "Decay": "0",
      "LimitType": "L",
      "Type": "Plate"
    },
    {
      "Plate": "CDF Armor Plate Frigus II (L)",
      "Acid": "0",
      "Burn": "0",
      "Cold": "36",
      "Cut": "0",
      "Elect": "0",
      "Impact": "10",
      "Penet": "0",
      "Shrap": "0",
      "Stab": "0",
      "Durability": "18000",
      "MaxTT": "50",
      "Decay": "0",
      "LimitType": "L",
      "Type": "Plate"
    },
    {
      "Plate": "CDF Armor Plate Fulmen I (L)",
      "Acid": "0",
      "Burn": "0",
      "Cold": "0",
      "Cut": "0",
      "Elect": "32",
      "Impact": "0",
      "Penet": "0",
      "Shrap": "0",
      "Stab": "0",
      "Durability": "18000",
      "MaxTT": "30",
      "Decay": "0",
      "LimitType": "L",
      "Type": "Plate"
    },
    {
      "Plate": "CDF Armor Plate Fulmen II (L)",
      "Acid": "0",
      "Burn": "0",
      "Cold": "0",
      "Cut": "0",
      "Elect": "36",
      "Impact": "10",
      "Penet": "0",
      "Shrap": "0",
      "Stab": "0",
      "Durability": "18000",
      "MaxTT": "50",
      "Decay": "0",
      "LimitType": "L",
      "Type": "Plate"
    },
    {
      "Plate": "CDF Armor Plate Tellus I (L)",
      "Acid": "0",
      "Burn": "18",
      "Cold": "0",
      "Cut": "0",
      "Elect": "0",
      "Impact": "10",
      "Penet": "0",
      "Shrap": "38",
      "Stab": "0",
      "Durability": "18000",
      "MaxTT": "30",
      "Decay": "0",
      "LimitType": "L",
      "Type": "Plate"
    },
    {
      "Plate": "CDF Armor Plate Tellus II (L)",
      "Acid": "0",
      "Burn": "21",
      "Cold": "0",
      "Cut": "0",
      "Elect": "0",
      "Impact": "12",
      "Penet": "0",
      "Shrap": "41",
      "Stab": "0",
      "Durability": "18000",
      "MaxTT": "50",
      "Decay": "0",
      "LimitType": "L",
      "Type": "Plate"
    },
    {
      "Plate": "Cyrene Acid Armor Plate (L)",
      "Acid": "7",
      "Burn": "0",
      "Cold": "0",
      "Cut": "0",
      "Elect": "0",
      "Impact": "0",
      "Penet": "0",
      "Shrap": "0",
      "Stab": "0",
      "Durability": "1500",
      "MaxTT": "8",
      "Decay": "0",
      "LimitType": "L",
      "Type": "Plate"
    },
    {
      "Plate": "Defender Plating of the Sand King",
      "Acid": "35",
      "Burn": "0",
      "Cold": "0",
      "Cut": "0",
      "Elect": "0",
      "Impact": "0",
      "Penet": "0",
      "Shrap": "0",
      "Stab": "0",
      "Durability": "4750",
      "MaxTT": "65",
      "Decay": "0",
      "LimitType": "UL",
      "Type": "Plate"
    },
    {
      "Plate": "ELVIS Dragon Plate mk1 (L)",
      "Acid": "0",
      "Burn": "16",
      "Cold": "0",
      "Cut": "0",
      "Elect": "0",
      "Impact": "0",
      "Penet": "12",
      "Shrap": "0",
      "Stab": "0",
      "Durability": "9000",
      "MaxTT": "16",
      "Decay": "0",
      "LimitType": "L",
      "Type": "Plate"
    },
    {
      "Plate": "ELVIS Dragon Plate mk2 (L)",
      "Acid": "0",
      "Burn": "18",
      "Cold": "0",
      "Cut": "0",
      "Elect": "0",
      "Impact": "0",
      "Penet": "14",
      "Shrap": "0",
      "Stab": "0",
      "Durability": "10000",
      "MaxTT": "22",
      "Decay": "0",
      "LimitType": "L",
      "Type": "Plate"
    },
    {
      "Plate": "ELVIS Dragon Plate mk3 (L)",
      "Acid": "0",
      "Burn": "20",
      "Cold": "0",
      "Cut": "0",
      "Elect": "0",
      "Impact": "0",
      "Penet": "16",
      "Shrap": "0",
      "Stab": "0",
      "Durability": "11000",
      "MaxTT": "32",
      "Decay": "0",
      "LimitType": "L",
      "Type": "Plate"
    },
    {
      "Plate": "GARCIA Dragon Plate mk1 (L)",
      "Acid": "15",
      "Burn": "12",
      "Cold": "0",
      "Cut": "0",
      "Elect": "0",
      "Impact": "0",
      "Penet": "0",
      "Shrap": "0",
      "Stab": "0",
      "Durability": "14000",
      "MaxTT": "18",
      "Decay": "0",
      "LimitType": "L",
      "Type": "Plate"
    },
    {
      "Plate": "GARCIA Dragon Plate mk2 (L)",
      "Acid": "20",
      "Burn": "14",
      "Cold": "0",
      "Cut": "0",
      "Elect": "0",
      "Impact": "0",
      "Penet": "0",
      "Shrap": "0",
      "Stab": "0",
      "Durability": "15000",
      "MaxTT": "24",
      "Decay": "0",
      "LimitType": "L",
      "Type": "Plate"
    },
    {
      "Plate": "GARCIA Dragon Plate mk3(L)",
      "Acid": "24",
      "Burn": "16",
      "Cold": "0",
      "Cut": "0",
      "Elect": "0",
      "Impact": "0",
      "Penet": "0",
      "Shrap": "0",
      "Stab": "0",
      "Durability": "16000",
      "MaxTT": "34",
      "Decay": "0",
      "LimitType": "L",
      "Type": "Plate"
    },
    {
      "Plate": "Guardian Plating of the Sand King",
      "Acid": "18",
      "Burn": "0",
      "Cold": "0",
      "Cut": "14",
      "Elect": "0",
      "Impact": "14",
      "Penet": "0",
      "Shrap": "0",
      "Stab": "14",
      "Durability": "4750",
      "MaxTT": "65",
      "Decay": "0",
      "LimitType": "UL",
      "Type": "Plate"
    },
    {
      "Plate": "HENDRIX Dragon Plate mk1 (L)",
      "Acid": "14",
      "Burn": "0",
      "Cold": "10",
      "Cut": "0",
      "Elect": "14",
      "Impact": "0",
      "Penet": "0",
      "Shrap": "0",
      "Stab": "0",
      "Durability": "14000",
      "MaxTT": "26",
      "Decay": "0",
      "LimitType": "L",
      "Type": "Plate"
    },
    {
      "Plate": "HENDRIX Dragon Plate mk2 (L)",
      "Acid": "16",
      "Burn": "0",
      "Cold": "12",
      "Cut": "0",
      "Elect": "20",
      "Impact": "0",
      "Penet": "0",
      "Shrap": "0",
      "Stab": "0",
      "Durability": "15000",
      "MaxTT": "36",
      "Decay": "0",
      "LimitType": "L",
      "Type": "Plate"
    },
    {
      "Plate": "Imperium Armor Plating I",
      "Acid": "0",
      "Burn": "1",
      "Cold": "0",
      "Cut": "0",
      "Elect": "0",
      "Impact": "1",
      "Penet": "1",
      "Shrap": "0",
      "Stab": "0",
      "Durability": "400",
      "MaxTT": "1",
      "Decay": "0",
      "LimitType": "UL",
      "Type": "Plate"
    },
    {
      "Plate": "Imperium Officer Plate",
      "Acid": "0",
      "Burn": "7",
      "Cold": "0",
      "Cut": "8",
      "Elect": "0",
      "Impact": "9",
      "Penet": "0",
      "Shrap": "0",
      "Stab": "3",
      "Durability": "1000",
      "MaxTT": "30",
      "Decay": "0",
      "LimitType": "UL",
      "Type": "Plate"
    },
    {
      "Plate": "Improved Imperium Plate",
      "Acid": "0",
      "Burn": "12",
      "Cold": "0",
      "Cut": "12",
      "Elect": "0",
      "Impact": "12",
      "Penet": "0",
      "Shrap": "0",
      "Stab": "5",
      "Durability": "1600",
      "MaxTT": "41",
      "Decay": "0",
      "LimitType": "UL",
      "Type": "Plate"
    },
    {
      "Plate": "Incision Plate",
      "Acid": "0",
      "Burn": "0",
      "Cold": "0",
      "Cut": "4",
      "Elect": "0",
      "Impact": "4",
      "Penet": "0",
      "Shrap": "0",
      "Stab": "21",
      "Durability": "900",
      "MaxTT": "32",
      "Decay": "0",
      "LimitType": "UL",
      "Type": "Plate"
    },
    {
      "Plate": "Incision Plate Adjusted",
      "Acid": "0",
      "Burn": "0",
      "Cold": "0",
      "Cut": "5",
      "Elect": "0",
      "Impact": "5",
      "Penet": "0",
      "Shrap": "0",
      "Stab": "23",
      "Durability": "1400",
      "MaxTT": "42",
      "Decay": "0",
      "LimitType": "UL",
      "Type": "Plate"
    },
    {
      "Plate": "Incision Plate Augmented",
      "Acid": "0",
      "Burn": "0",
      "Cold": "0",
      "Cut": "8.5",
      "Elect": "0",
      "Impact": "8.5",
      "Penet": "0",
      "Shrap": "0",
      "Stab": "30",
      "Durability": "2600",
      "MaxTT": "64",
      "Decay": "0",
      "LimitType": "UL",
      "Type": "Plate"
    },
    {
      "Plate": "Incision Plate Improved",
      "Acid": "0",
      "Burn": "0",
      "Cold": "0",
      "Cut": "6",
      "Elect": "0",
      "Impact": "6",
      "Penet": "0",
      "Shrap": "0",
      "Stab": "25",
      "Durability": "1800",
      "MaxTT": "53",
      "Decay": "0",
      "LimitType": "UL",
      "Type": "Plate"
    },
    {
      "Plate": "Incision Plate Modified",
      "Acid": "0",
      "Burn": "0",
      "Cold": "0",
      "Cut": "7",
      "Elect": "0",
      "Impact": "7",
      "Penet": "0",
      "Shrap": "0",
      "Stab": "27",
      "Durability": "2200",
      "MaxTT": "64",
      "Decay": "0",
      "LimitType": "UL",
      "Type": "Plate"
    },
    {
      "Plate": "Incision Plate Perfected",
      "Acid": "0",
      "Burn": "0",
      "Cold": "0",
      "Cut": "10",
      "Elect": "0",
      "Impact": "10",
      "Penet": "0",
      "Shrap": "0",
      "Stab": "33",
      "Durability": "3500",
      "MaxTT": "85",
      "Decay": "0",
      "LimitType": "UL",
      "Type": "Plate"
    },
    {
      "Plate": "JOPLIN Dragon Plate mk1 (L)",
      "Acid": "10",
      "Burn": "0",
      "Cold": "0",
      "Cut": "0",
      "Elect": "0",
      "Impact": "10",
      "Penet": "10",
      "Shrap": "0",
      "Stab": "0",
      "Durability": "14000",
      "MaxTT": "10",
      "Decay": "0",
      "LimitType": "L",
      "Type": "Plate"
    },
    {
      "Plate": "JOPLIN Dragon Plate mk2 (L)",
      "Acid": "12",
      "Burn": "0",
      "Cold": "0",
      "Cut": "0",
      "Elect": "0",
      "Impact": "10",
      "Penet": "12",
      "Shrap": "0",
      "Stab": "0",
      "Durability": "15000",
      "MaxTT": "15",
      "Decay": "0",
      "LimitType": "L",
      "Type": "Plate"
    },
    {
      "Plate": "JOPLIN Dragon Plate mk3 (L)",
      "Acid": "16",
      "Burn": "0",
      "Cold": "0",
      "Cut": "0",
      "Elect": "0",
      "Impact": "10",
      "Penet": "16",
      "Shrap": "0",
      "Stab": "0",
      "Durability": "16000",
      "MaxTT": "20",
      "Decay": "0",
      "LimitType": "L",
      "Type": "Plate"
    },
    {
      "Plate": "LEMMY Dragon Plate mk1 (L)",
      "Acid": "0",
      "Burn": "0",
      "Cold": "0",
      "Cut": "12",
      "Elect": "10",
      "Impact": "0",
      "Penet": "0",
      "Shrap": "0",
      "Stab": "15",
      "Durability": "14000",
      "MaxTT": "35",
      "Decay": "0",
      "LimitType": "L",
      "Type": "Plate"
    },
    {
      "Plate": "Lotus Armor Plate",
      "Acid": "0",
      "Burn": "22",
      "Cold": "0",
      "Cut": "0",
      "Elect": "6",
      "Impact": "0",
      "Penet": "10",
      "Shrap": "6",
      "Stab": "0",
      "Durability": "1450",
      "MaxTT": "40",
      "Decay": "0",
      "LimitType": "UL",
      "Type": "Plate"
    },
    {
      "Plate": "Lunar Plate",
      "Acid": "0",
      "Burn": "0",
      "Cold": "9",
      "Cut": "8",
      "Elect": "0",
      "Impact": "2",
      "Penet": "0",
      "Shrap": "0",
      "Stab": "8",
      "Durability": "1200",
      "MaxTT": "1",
      "Decay": "0",
      "LimitType": "UL",
      "Type": "Plate"
    },
    {
      "Plate": "Lunar Plate Adjusted",
      "Acid": "0",
      "Burn": "0",
      "Cold": "12",
      "Cut": "10",
      "Elect": "0",
      "Impact": "4",
      "Penet": "0",
      "Shrap": "0",
      "Stab": "10",
      "Durability": "1700",
      "MaxTT": "1",
      "Decay": "0",
      "LimitType": "UL",
      "Type": "Plate"
    },
    {
      "Plate": "Lunar Plate Augmented",
      "Acid": "0",
      "Burn": "0",
      "Cold": "21",
      "Cut": "16",
      "Elect": "0",
      "Impact": "10",
      "Penet": "0",
      "Shrap": "0",
      "Stab": "16",
      "Durability": "2600",
      "MaxTT": "1",
      "Decay": "0",
      "LimitType": "UL",
      "Type": "Plate"
    },
    {
      "Plate": "Lunar Plate Improved",
      "Acid": "0",
      "Burn": "0",
      "Cold": "15",
      "Cut": "12",
      "Elect": "0",
      "Impact": "6",
      "Penet": "0",
      "Shrap": "0",
      "Stab": "12",
      "Durability": "2000",
      "MaxTT": "1",
      "Decay": "0",
      "LimitType": "UL",
      "Type": "Plate"
    },
    {
      "Plate": "Lunar Plate Modified",
      "Acid": "0",
      "Burn": "0",
      "Cold": "18",
      "Cut": "14",
      "Elect": "0",
      "Impact": "8",
      "Penet": "0",
      "Shrap": "0",
      "Stab": "14",
      "Durability": "2400",
      "MaxTT": "1",
      "Decay": "0",
      "LimitType": "UL",
      "Type": "Plate"
    },
    {
      "Plate": "Lunar Plate Perfected",
      "Acid": "0",
      "Burn": "0",
      "Cold": "24",
      "Cut": "18",
      "Elect": "0",
      "Impact": "12",
      "Penet": "0",
      "Shrap": "0",
      "Stab": "18",
      "Durability": "3500",
      "MaxTT": "1",
      "Decay": "0",
      "LimitType": "UL",
      "Type": "Plate"
    },
    {
      "Plate": "Modified Imperium Plate",
      "Acid": "0",
      "Burn": "14",
      "Cold": "0",
      "Cut": "14",
      "Elect": "0",
      "Impact": "16",
      "Penet": "0",
      "Shrap": "0",
      "Stab": "6",
      "Durability": "2200",
      "MaxTT": "50",
      "Decay": "0",
      "LimitType": "UL",
      "Type": "Plate"
    },
    {
      "Plate": "Moonshine Armour Plate 1 (L)",
      "Acid": "0",
      "Burn": "0",
      "Cold": "0",
      "Cut": "14",
      "Elect": "0",
      "Impact": "13",
      "Penet": "0",
      "Shrap": "0",
      "Stab": "13",
      "Durability": "18000",
      "MaxTT": "30",
      "Decay": "0",
      "LimitType": "L",
      "Type": "Plate"
    },
    {
      "Plate": "Moonshine Armour Plate 2 (L)",
      "Acid": "0",
      "Burn": "20",
      "Cold": "0",
      "Cut": "0",
      "Elect": "0",
      "Impact": "0",
      "Penet": "20",
      "Shrap": "0",
      "Stab": "0",
      "Durability": "18000",
      "MaxTT": "30",
      "Decay": "0",
      "LimitType": "L",
      "Type": "Plate"
    },
    {
      "Plate": "Moonshine Armour Plate Mk1 (L)",
      "Acid": "0",
      "Burn": "0",
      "Cold": "0",
      "Cut": "17",
      "Elect": "0",
      "Impact": "16",
      "Penet": "0",
      "Shrap": "0",
      "Stab": "16",
      "Durability": "18000",
      "MaxTT": "40",
      "Decay": "0",
      "LimitType": "L",
      "Type": "Plate"
    },
    {
      "Plate": "MORRISON Dragon Plate mk1 (L)",
      "Acid": "0",
      "Burn": "0",
      "Cold": "0",
      "Cut": "12",
      "Elect": "0",
      "Impact": "0",
      "Penet": "0",
      "Shrap": "0",
      "Stab": "14",
      "Durability": "9000",
      "MaxTT": "20",
      "Decay": "0",
      "LimitType": "L",
      "Type": "Plate"
    },
    {
      "Plate": "MORRISON Dragon Plate mk2 (L)",
      "Acid": "0",
      "Burn": "0",
      "Cold": "0",
      "Cut": "14",
      "Elect": "0",
      "Impact": "0",
      "Penet": "0",
      "Shrap": "0",
      "Stab": "16",
      "Durability": "10000",
      "MaxTT": "30",
      "Decay": "0",
      "LimitType": "L",
      "Type": "Plate"
    },
    {
      "Plate": "MORRISON Dragon Plate mk3 (L)",
      "Acid": "0",
      "Burn": "0",
      "Cold": "0",
      "Cut": "16",
      "Elect": "0",
      "Impact": "0",
      "Penet": "0",
      "Shrap": "0",
      "Stab": "18",
      "Durability": "11000",
      "MaxTT": "40",
      "Decay": "0",
      "LimitType": "L",
      "Type": "Plate"
    },
    {
      "Plate": "NEVERDIE Dragon Plate mk1 (L)",
      "Acid": "0",
      "Burn": "0",
      "Cold": "0",
      "Cut": "8",
      "Elect": "0",
      "Impact": "8",
      "Penet": "8",
      "Shrap": "0",
      "Stab": "8",
      "Durability": "15000",
      "MaxTT": "25",
      "Decay": "0",
      "LimitType": "L",
      "Type": "Plate"
    },
    {
      "Plate": "NEVERDIE Dragon Plate mk2 (L)",
      "Acid": "0",
      "Burn": "0",
      "Cold": "0",
      "Cut": "10",
      "Elect": "0",
      "Impact": "10",
      "Penet": "10",
      "Shrap": "0",
      "Stab": "10",
      "Durability": "16000",
      "MaxTT": "35",
      "Decay": "0",
      "LimitType": "L",
      "Type": "Plate"
    },
    {
      "Plate": "NEVERDIE Dragon Plate mk3 (L)",
      "Acid": "0",
      "Burn": "0",
      "Cold": "0",
      "Cut": "12",
      "Elect": "0",
      "Impact": "12",
      "Penet": "12",
      "Shrap": "0",
      "Stab": "12",
      "Durability": "18000",
      "MaxTT": "50",
      "Decay": "0",
      "LimitType": "L",
      "Type": "Plate"
    },
    {
      "Plate": "Ozpyn Cold Protector (L)",
      "Acid": "0",
      "Burn": "0",
      "Cold": "7",
      "Cut": "0",
      "Elect": "0",
      "Impact": "0",
      "Penet": "0",
      "Shrap": "0",
      "Stab": "0",
      "Durability": "1500",
      "MaxTT": "8",
      "Decay": "0",
      "LimitType": "L",
      "Type": "Plate"
    },
    {
      "Plate": "Perfected Imperium Plate",
      "Acid": "0",
      "Burn": "20",
      "Cold": "0",
      "Cut": "20",
      "Elect": "0",
      "Impact": "24",
      "Penet": "0",
      "Shrap": "0",
      "Stab": "8",
      "Durability": "3000",
      "MaxTT": "72",
      "Decay": "0",
      "LimitType": "UL",
      "Type": "Plate"
    },
    {
      "Plate": "POP Dragon Plate mk1 (L)",
      "Acid": "0",
      "Burn": "0",
      "Cold": "0",
      "Cut": "10",
      "Elect": "0",
      "Impact": "10",
      "Penet": "0",
      "Shrap": "0",
      "Stab": "10",
      "Durability": "14000",
      "MaxTT": "10",
      "Decay": "0",
      "LimitType": "L",
      "Type": "Plate"
    },
    {
      "Plate": "POP Dragon Plate mk2 (L)",
      "Acid": "0",
      "Burn": "0",
      "Cold": "0",
      "Cut": "10",
      "Elect": "0",
      "Impact": "14",
      "Penet": "0",
      "Shrap": "0",
      "Stab": "14",
      "Durability": "15000",
      "MaxTT": "20",
      "Decay": "0",
      "LimitType": "L",
      "Type": "Plate"
    },
    {
      "Plate": "POP Dragon Plate mk3 (L)",
      "Acid": "0",
      "Burn": "0",
      "Cold": "0",
      "Cut": "10",
      "Elect": "0",
      "Impact": "16",
      "Penet": "0",
      "Shrap": "0",
      "Stab": "16",
      "Durability": "16000",
      "MaxTT": "30",
      "Decay": "0",
      "LimitType": "L",
      "Type": "Plate"
    },
    {
      "Plate": "Protector Plating of the Sand King",
      "Acid": "18",
      "Burn": "14",
      "Cold": "0",
      "Cut": "0",
      "Elect": "0",
      "Impact": "0",
      "Penet": "14",
      "Shrap": "14",
      "Stab": "0",
      "Durability": "4750",
      "MaxTT": "65",
      "Decay": "0",
      "LimitType": "UL",
      "Type": "Plate"
    },
    {
      "Plate": "Pulsar Armour Plate - Gold Rush Edition",
      "Acid": "0",
      "Burn": "0",
      "Cold": "0",
      "Cut": "0",
      "Elect": "25",
      "Impact": "0",
      "Penet": "0",
      "Shrap": "0",
      "Stab": "5",
      "Durability": "1100",
      "MaxTT": "41",
      "Decay": "0",
      "LimitType": "UL",
      "Type": "Plate"
    },
    {
      "Plate": "Pulsar Armour Plate (Official)",
      "Acid": "0",
      "Burn": "0",
      "Cold": "0",
      "Cut": "0",
      "Elect": "0",
      "Impact": "0",
      "Penet": "0",
      "Shrap": "0",
      "Stab": "0",
      "Durability": "25000",
      "MaxTT": "30",
      "Decay": "0",
      "LimitType": "UL",
      "Type": "Plate"
    },
    {
      "Plate": "Pulsar Armour Plate 1 (L)",
      "Acid": "0",
      "Burn": "3",
      "Cold": "0",
      "Cut": "3",
      "Elect": "0",
      "Impact": "3",
      "Penet": "3",
      "Shrap": "0",
      "Stab": "3",
      "Durability": "10500",
      "MaxTT": "10",
      "Decay": "0",
      "LimitType": "L",
      "Type": "Plate"
    },
    {
      "Plate": "Pulsar Armour Plate 10 (L)",
      "Acid": "0",
      "Burn": "0",
      "Cold": "0",
      "Cut": "7",
      "Elect": "0",
      "Impact": "20",
      "Penet": "0",
      "Shrap": "0",
      "Stab": "11",
      "Durability": "15000",
      "MaxTT": "55",
      "Decay": "0",
      "LimitType": "L",
      "Type": "Plate"
    },
    {
      "Plate": "Pulsar Armour Plate 2 (L)",
      "Acid": "0",
      "Burn": "0",
      "Cold": "0",
      "Cut": "0",
      "Elect": "25",
      "Impact": "0",
      "Penet": "0",
      "Shrap": "0",
      "Stab": "5",
      "Durability": "11000",
      "MaxTT": "15",
      "Decay": "0",
      "LimitType": "L",
      "Type": "Plate"
    },
    {
      "Plate": "Pulsar Armour Plate 3 (L)",
      "Acid": "0",
      "Burn": "0",
      "Cold": "26",
      "Cut": "5",
      "Elect": "0",
      "Impact": "0",
      "Penet": "0",
      "Shrap": "0",
      "Stab": "0",
      "Durability": "11500",
      "MaxTT": "20",
      "Decay": "0",
      "LimitType": "L",
      "Type": "Plate"
    },
    {
      "Plate": "Pulsar Armour Plate 4 (L)",
      "Acid": "27",
      "Burn": "0",
      "Cold": "0",
      "Cut": "0",
      "Elect": "0",
      "Impact": "5",
      "Penet": "0",
      "Shrap": "0",
      "Stab": "0",
      "Durability": "12000",
      "MaxTT": "25",
      "Decay": "0",
      "LimitType": "L",
      "Type": "Plate"
    },
    {
      "Plate": "Pulsar Armour Plate 5 (L)",
      "Acid": "0",
      "Burn": "0",
      "Cold": "0",
      "Cut": "0",
      "Elect": "0",
      "Impact": "28",
      "Penet": "0",
      "Shrap": "0",
      "Stab": "5",
      "Durability": "12500",
      "MaxTT": "30",
      "Decay": "0",
      "LimitType": "L",
      "Type": "Plate"
    },
    {
      "Plate": "Pulsar Armour Plate 6 (L)",
      "Acid": "0",
      "Burn": "0",
      "Cold": "0",
      "Cut": "5",
      "Elect": "0",
      "Impact": "0",
      "Penet": "29",
      "Shrap": "0",
      "Stab": "0",
      "Durability": "13000",
      "MaxTT": "35",
      "Decay": "0",
      "LimitType": "L",
      "Type": "Plate"
    },
    {
      "Plate": "Pulsar Armour Plate 7 (L)",
      "Acid": "0",
      "Burn": "30",
      "Cold": "0",
      "Cut": "0",
      "Elect": "0",
      "Impact": "5",
      "Penet": "0",
      "Shrap": "0",
      "Stab": "0",
      "Durability": "13500",
      "MaxTT": "40",
      "Decay": "0",
      "LimitType": "L",
      "Type": "Plate"
    },
    {
      "Plate": "Pulsar Armour Plate 8 (L)",
      "Acid": "0",
      "Burn": "0",
      "Cold": "0",
      "Cut": "19",
      "Elect": "0",
      "Impact": "11",
      "Penet": "0",
      "Shrap": "0",
      "Stab": "6",
      "Durability": "14000",
      "MaxTT": "45",
      "Decay": "0",
      "LimitType": "L",
      "Type": "Plate"
    },
    {
      "Plate": "Pulsar Armour Plate 9 (L)",
      "Acid": "0",
      "Burn": "17",
      "Cold": "0",
      "Cut": "0",
      "Elect": "0",
      "Impact": "0",
      "Penet": "15",
      "Shrap": "5",
      "Stab": "0",
      "Durability": "14500",
      "MaxTT": "50",
      "Decay": "0",
      "LimitType": "L",
      "Type": "Plate"
    },
    {
      "Plate": "Pulsar Armour Plate Trainer (L)",
      "Acid": "0",
      "Burn": "0",
      "Cold": "0",
      "Cut": "0",
      "Elect": "0",
      "Impact": "1",
      "Penet": "0",
      "Shrap": "0",
      "Stab": "0",
      "Durability": "10200",
      "MaxTT": "0.4",
      "Decay": "0",
      "LimitType": "L",
      "Type": "Plate"
    },
    {
      "Plate": "Pulsar Armour Plate Trainer MkI (L)",
      "Acid": "0",
      "Burn": "0",
      "Cold": "0",
      "Cut": "0",
      "Elect": "0",
      "Impact": "1",
      "Penet": "0",
      "Shrap": "0",
      "Stab": "0",
      "Durability": "10200",
      "MaxTT": "0.2",
      "Decay": "0",
      "LimitType": "L",
      "Type": "Plate"
    },
    {
      "Plate": "Ripper Hide Armor Plate (L)",
      "Acid": "0",
      "Burn": "25",
      "Cold": "0",
      "Cut": "10",
      "Elect": "0",
      "Impact": "0",
      "Penet": "0",
      "Shrap": "0",
      "Stab": "0",
      "Durability": "16300",
      "MaxTT": "75",
      "Decay": "0",
      "LimitType": "L",
      "Type": "Plate"
    },
    {
      "Plate": "Robot Alloy Armor Plate (L)",
      "Acid": "0",
      "Burn": "5",
      "Cold": "0",
      "Cut": "0",
      "Elect": "0",
      "Impact": "3",
      "Penet": "2",
      "Shrap": "0",
      "Stab": "0",
      "Durability": "14000",
      "MaxTT": "2",
      "Decay": "0",
      "LimitType": "L",
      "Type": "Plate"
    },
    {
      "Plate": "RUDOLF Dragon Plate mk1 (L)",
      "Acid": "0",
      "Burn": "0",
      "Cold": "0",
      "Cut": "12",
      "Elect": "0",
      "Impact": "0",
      "Penet": "0",
      "Shrap": "0",
      "Stab": "12",
      "Durability": "14000",
      "MaxTT": "10",
      "Decay": "0",
      "LimitType": "L",
      "Type": "Plate"
    },
    {
      "Plate": "RUDOLF Dragon Plate mk2 (L)",
      "Acid": "0",
      "Burn": "0",
      "Cold": "0",
      "Cut": "0",
      "Elect": "0",
      "Impact": "0",
      "Penet": "0",
      "Shrap": "0",
      "Stab": "0",
      "Durability": "100",
      "MaxTT": "1",
      "Decay": "0",
      "LimitType": "L",
      "Type": "Plate"
    },
    {
      "Plate": "RUDOLF Dragon Plate mk3 (L)",
      "Acid": "0",
      "Burn": "0",
      "Cold": "0",
      "Cut": "18",
      "Elect": "0",
      "Impact": "0",
      "Penet": "0",
      "Shrap": "0",
      "Stab": "18",
      "Durability": "16000",
      "MaxTT": "36",
      "Decay": "0",
      "LimitType": "L",
      "Type": "Plate"
    },
    {
      "Plate": "Serpent's Scale",
      "Acid": "9",
      "Burn": "0",
      "Cold": "0",
      "Cut": "5",
      "Elect": "0",
      "Impact": "8",
      "Penet": "0",
      "Shrap": "0",
      "Stab": "5",
      "Durability": "1000",
      "MaxTT": "30",
      "Decay": "0",
      "LimitType": "UL",
      "Type": "Plate"
    },
    {
      "Plate": "Serpent's Scale Adjusted",
      "Acid": "11",
      "Burn": "0",
      "Cold": "0",
      "Cut": "6",
      "Elect": "0",
      "Impact": "10",
      "Penet": "0",
      "Shrap": "0",
      "Stab": "6",
      "Durability": "1450",
      "MaxTT": "36",
      "Decay": "0",
      "LimitType": "UL",
      "Type": "Plate"
    },
    {
      "Plate": "Serpent's Scale Improved",
      "Acid": "13",
      "Burn": "0",
      "Cold": "0",
      "Cut": "8",
      "Elect": "0",
      "Impact": "12",
      "Penet": "0",
      "Shrap": "0",
      "Stab": "8",
      "Durability": "1850",
      "MaxTT": "42",
      "Decay": "0",
      "LimitType": "UL",
      "Type": "Plate"
    },
    {
      "Plate": "Serpent's Scale Modified",
      "Acid": "17",
      "Burn": "0",
      "Cold": "0",
      "Cut": "11",
      "Elect": "0",
      "Impact": "14",
      "Penet": "0",
      "Shrap": "0",
      "Stab": "11",
      "Durability": "2400",
      "MaxTT": "49",
      "Decay": "0",
      "LimitType": "UL",
      "Type": "Plate"
    },
    {
      "Plate": "Serpent's Scale Perfected",
      "Acid": "24",
      "Burn": "0",
      "Cold": "0",
      "Cut": "15",
      "Elect": "0",
      "Impact": "18",
      "Penet": "0",
      "Shrap": "0",
      "Stab": "15",
      "Durability": "3600",
      "MaxTT": "65",
      "Decay": "0",
      "LimitType": "UL",
      "Type": "Plate"
    },
    {
      "Plate": "Smuggler Armour Plate 1",
      "Acid": "0",
      "Burn": "0",
      "Cold": "0",
      "Cut": "14",
      "Elect": "0",
      "Impact": "13",
      "Penet": "0",
      "Shrap": "0",
      "Stab": "13",
      "Durability": "2500",
      "MaxTT": "50",
      "Decay": "0",
      "LimitType": "UL",
      "Type": "Plate"
    }
  ]
}
